gamma,seed,status,mode,theta_deg,steps,min_clearance_m,time_to_goal_s,mean_feasible_fraction
0.1,0,SUCCESS,above,57.2583895584967,82,0.16552280267001285,8.200000000000001,0.5501143292682927
0.1,1,SUCCESS,left,-39.2897461037177,80,0.19643591769129498,8.0,0.4702392578125
0.1,2,SUCCESS,above,61.59817613736519,86,0.09862975647159372,8.6,0.535133539244186
0.1,3,SUCCESS,below,-49.12003463594384,89,0.07560790244676002,8.9,0.4353054775280899
0.1,4,SUCCESS,above,61.771129346708804,88,0.0552449793071636,8.8,0.5668501420454546
0.1,5,SUCCESS,above,107.36693737342122,82,0.10518741814807125,8.200000000000001,0.5943216463414634
0.1,6,SUCCESS,below,-121.56897743951815,90,0.041030387050039974,9.0,0.4575737847222222
0.1,7,SUCCESS,left,-35.72065330019493,81,0.17170147970054483,8.1,0.48714795524691357
0.1,8,SUCCESS,left,18.364462933206532,97,0.04606106840513596,9.700000000000001,0.5415995489690721
0.1,9,SUCCESS,right,147.2777176930456,76,0.23438822479225185,7.6000000000000005,0.638903166118421
0.1,10,SUCCESS,right,173.49263760854598,95,0.06576018772680425,9.5,0.4591488486842105
0.1,11,SUCCESS,below,-81.59748813536002,86,0.08569733801505491,8.6,0.41485737645348836
0.1,12,SUCCESS,below,-126.02523698345847,86,0.10695844387064307,8.6,0.49504905523255816
0.1,13,SUCCESS,right,179.69074208685572,84,0.11985867021136654,8.4,0.5499441964285714
0.1,14,SUCCESS,below,-132.938884187693,85,0.08841462575240655,8.5,0.4955422794117647
0.1,15,SUCCESS,left,27.6747005934041,78,0.2416863639591783,7.800000000000001,0.5776492387820513
0.1,16,SUCCESS,right,-139.07680190538213,79,0.16145717185947717,7.9,0.5121143196202531
0.1,17,SUCCESS,above,67.68136729220593,80,0.09658076707413238,8.0,0.555859375
0.1,18,SUCCESS,left,-44.89898920023512,86,0.12392301715788628,8.6,0.43438862645348836
0.1,19,SUCCESS,left,-40.470615453749346,84,0.09665762924654758,8.4,0.45228794642857145
0.1,20,SUCCESS,above,48.829458650376495,77,0.1871690769408747,7.7,0.5645799512987013
0.1,21,SUCCESS,below,-109.54042031530525,93,0.08840511917867416,9.3,0.4461945564516129
0.1,22,SUCCESS,below,-45.41167135261141,90,0.06946593520273614,9.0,0.4335720486111111
0.1,23,SUCCESS,below,-60.26744548151386,92,0.07810029474476843,9.200000000000001,0.418265964673913
0.1,24,SUCCESS,left,14.693365489932757,79,0.2201280128966241,7.9,0.5797567246835443
0.1,25,SUCCESS,above,69.4525123459103,80,0.18095359333686056,8.0,0.56083984375
0.1,26,SUCCESS,left,-33.75563644844762,81,0.14465353685226823,8.1,0.5030381944444444
0.1,27,SUCCESS,left,-35.885689751345524,83,0.12491334972783125,8.3,0.48717526355421686
0.1,28,SUCCESS,left,-7.647093543124252,88,0.1186147811698599,8.8,0.5558638139204546
0.1,29,SUCCESS,above,102.15116973675161,76,0.2395567477170738,7.6000000000000005,0.5946751644736842
0.1,30,SUCCESS,below,-63.86117694392269,91,0.1008389998138906,9.1,0.41895604395604397
0.1,31,SUCCESS,left,-38.5447077160966,83,0.12416481516800543,8.3,0.4810805722891566
0.1,32,SUCCESS,left,-34.24491267425165,84,0.12460124090647035,8.4,0.5017903645833334
0.1,33,SUCCESS,right,-150.63467809882945,87,0.09705665950298736,8.700000000000001,0.5259743175287356
0.1,34,SUCCESS,below,-110.05338309671059,85,0.11601933945380066,8.5,0.4520220588235294
0.1,35,SUCCESS,below,-48.19012770915603,79,0.16978239651174554,7.9,0.47161787974683544
0.1,36,SUCCESS,above,110.04936820716593,79,0.1377920838251651,7.9,0.6055923655063291
0.1,37,SUCCESS,left,-11.726969173507305,90,0.09354091154436006,9.0,0.5467664930555556
0.1,38,SUCCESS,above,81.13807914895894,82,0.1008160748375545,8.200000000000001,0.5500190548780488
0.1,39,SUCCESS,above,68.39527167683912,71,0.3358981098557494,7.1000000000000005,0.6016725352112676
0.1,40,SUCCESS,below,-45.56232775828442,83,0.1347419730722163,8.3,0.4836219879518072
0.1,41,SUCCESS,left,-33.4191247319638,81,0.15383859155296287,8.1,0.4798900462962963
0.1,42,SUCCESS,right,-145.68085131584027,87,0.1068966790304694,8.700000000000001,0.5041082974137931
0.1,43,SUCCESS,left,0.8864489844961106,105,0.16800622217605754,10.5,0.5313988095238096
0.1,44,SUCCESS,left,-30.79548030169619,89,0.1245685644759143,8.9,0.49879301264044945
0.1,45,SUCCESS,above,100.19669302876622,89,0.09161811372947776,8.9,0.5684032654494382
0.1,46,SUCCESS,right,-145.64767298202935,81,0.14216364381460833,8.1,0.5613184799382716
0.1,47,SUCCESS,above,133.33015093092976,83,0.10774510973620244,8.3,0.5957501882530121
0.1,48,SUCCESS,right,-135.32034966483596,76,0.2184559204075146,7.6000000000000005,0.5374177631578947
0.1,49,SUCCESS,below,-59.26846905904312,82,0.1323173297391041,8.200000000000001,0.4420969893292683
0.1,50,SUCCESS,above,101.59624637658294,78,0.21016506666994528,7.800000000000001,0.5819310897435898
0.1,51,SUCCESS,below,-59.32581716996766,87,0.06355304136163265,8.700000000000001,0.43027119252873564
0.1,52,SUCCESS,above,62.41657500148392,82,0.12022035831602113,8.200000000000001,0.5513052591463414
0.1,53,SUCCESS,above,85.41772441407392,81,0.1711659688361864,8.1,0.5602575231481481
0.1,54,SUCCESS,left,-36.738535237819704,78,0.19656269666431248,7.800000000000001,0.49256310096153844
0.1,55,SUCCESS,above,117.25641301233979,82,0.1011499087682095,8.200000000000001,0.5842701981707317
0.1,56,SUCCESS,below,-132.3355651081673,92,0.08938738931007328,9.200000000000001,0.3890327785326087
0.1,57,SUCCESS,left,22.17169490700136,80,0.1797763438261225,8.0,0.5595458984375
0.1,58,SUCCESS,below,-54.5189919584723,86,0.10077218356453949,8.6,0.4507630813953488
0.1,59,SUCCESS,left,-14.71358789148407,80,0.205744959635356,8.0,0.571435546875
0.1,60,SUCCESS,above,66.40769879316589,76,0.2203890743340906,7.6000000000000005,0.5726768092105263
0.1,61,SUCCESS,above,54.8994086950069,93,0.04356925930437683,9.3,0.5489121303763441
0.1,62,SUCCESS,below,-47.67928234667623,81,0.19619606309424054,8.1,0.47193287037037035
0.1,63,SUCCESS,above,80.69938488706191,82,0.15539749063067443,8.200000000000001,0.5506383384146342
0.3,0,COLLISION,none,,38,-0.002312604192524159,,0.5887643914473685
0.3,1,COLLISION,none,,38,-0.007979765199032152,,0.5860402960526315
0.3,2,COLLISION,none,,36,-0.00597977932648075,,0.6149088541666666
0.3,3,COLLISION,none,,38,-0.005058827589695447,,0.5796669407894737
0.3,4,COLLISION,none,,41,-0.004081850725565217,,0.5383479420731707
0.3,5,COLLISION,none,,37,-0.013656606727524445,,0.6047825168918919
0.3,6,COLLISION,none,,39,-0.0034956343257833145,,0.5706129807692307
0.3,7,COLLISION,none,,38,-0.01624929082701093,,0.5818256578947368
0.3,8,SUCCESS,above,96.80942185683276,83,0.023767716448250542,8.3,0.752964984939759
0.3,9,SUCCESS,above,111.2442848202869,79,0.029822980881896555,7.9,0.7789013053797469
0.3,10,COLLISION,none,,38,-0.021670533122501612,,0.631578947368421
0.3,11,COLLISION,none,,37,-0.004351047761722682,,0.6074746621621622
0.3,12,COLLISION,none,,40,-0.0009084127520947449,,0.5568359375
0.3,13,COLLISION,none,,39,-0.01574862935808341,,0.5677584134615384
0.3,14,COLLISION,none,,38,-0.01308078620037939,,0.5812602796052632
0.3,15,SUCCESS,below,-93.51277337378447,84,0.011969355182482988,8.4,0.6065615699404762
0.3,16,COLLISION,none,,38,-0.009520300884539035,,0.6052631578947368
0.3,17,SUCCESS,above,105.01709597061246,81,0.05447349093451853,8.1,0.7482638888888888
0.3,18,COLLISION,none,,37,-7.991772168480793e-07,,0.5974451013513513
0.3,19,COLLISION,none,,40,-0.006736389317752556,,0.56806640625
0.3,20,COLLISION,none,,41,-0.004018370093180401,,0.5611661585365854
0.3,21,SUCCESS,above,121.9715660700794,82,0.030663679381273845,8.200000000000001,0.7862519054878049
0.3,22,COLLISION,none,,38,-0.02291530276947984,,0.5831620065789473
0.3,23,COLLISION,none,,38,-0.012816980281460721,,0.6053659539473685
0.3,24,COLLISION,none,,39,-0.014630061954100826,,0.6151842948717948
0.3,25,COLLISION,none,,39,-0.020561667655880855,,0.58984375
0.3,26,COLLISION,none,,41,-0.004254364264982158,,0.5614043445121951
0.3,27,SUCCESS,left,40.40865150900962,85,0.02299976998795311,8.5,0.69140625
0.3,28,COLLISION,none,,37,-0.01892880236315575,,0.6028293918918919
0.3,29,COLLISION,none,,38,-0.004497169586508698,,0.6066509046052632
0.3,30,COLLISION,none,,38,-0.014805218704754763,,0.579821134868421
0.3,31,COLLISION,none,,40,-0.016092090407610504,,0.575244140625
0.3,32,SUCCESS,left,-42.309394082686346,80,0.022088254302723653,8.0,0.668994140625
0.3,33,SUCCESS,below,-67.93687270019315,85,0.02562149941422831,8.5,0.5722196691176471
0.3,34,COLLISION,none,,40,-0.0049624634503148135,,0.575390625
0.3,35,SUCCESS,below,-110.41110168324244,82,0.020501204551477303,8.200000000000001,0.6716606326219512
0.3,36,COLLISION,none,,38,-0.013659805967923322,,0.631578947368421
0.3,37,COLLISION,none,,39,-0.01346501938508754,,0.571464342948718
0.3,38,SUCCESS,left,37.12393149160253,80,0.029050909943978187,8.0,0.7006591796875
0.3,39,SUCCESS,above,72.54234217739574,77,0.051208585852658084,7.7,0.7189275568181818
0.3,40,COLLISION,none,,37,-0.014051615452114585,,0.6011929898648649
0.3,41,SUCCESS,below,-64.68836290318083,82,0.008744543091159851,8.200000000000001,0.5964415015243902
0.3,42,COLLISION,none,,41,-0.0042090928597861565,,0.5404916158536586
0.3,43,COLLISION,none,,38,-0.018493048211621788,,0.580078125
0.3,44,SUCCESS,below,-115.02556514990327,86,0.016957370499762814,8.6,0.6259084302325582
0.3,45,COLLISION,none,,37,-0.01737405249964402,,0.6216216216216216
0.3,46,COLLISION,none,,38,-0.010652894281234337,,0.606188322368421
0.3,47,COLLISION,none,,38,-0.02997333912322314,,0.6085012335526315
0.3,48,COLLISION,none,,41,-0.0050560456141367505,,0.5619283536585366
0.3,49,SUCCESS,below,-93.26630835894572,76,0.04448024582051152,7.6000000000000005,0.6339432565789473
0.3,50,SUCCESS,above,66.0659232767975,80,0.027131955548286235,8.0,0.7124267578125
0.3,51,COLLISION,none,,39,-0.007101205953000567,,0.5656550480769231
0.3,52,SUCCESS,above,103.02596694033336,78,0.06062997188962144,7.800000000000001,0.7269381009615384
0.3,53,SUCCESS,above,103.78764311931927,80,0.01257241946635379,8.0,0.7613525390625
0.3,54,SUCCESS,below,-122.4143846485241,79,0.008545954276372447,7.9,0.6674001186708861
0.3,55,COLLISION,none,,39,-0.005986370259623952,,0.5658052884615384
0.3,56,COLLISION,none,,37,-0.004140589692358532,,0.6224134290540541
0.3,57,COLLISION,none,,37,-0.0024634900117362357,,0.6219383445945946
0.3,58,SUCCESS,below,-105.31116256670694,78,0.003041458374863082,7.800000000000001,0.6044921875
0.3,59,COLLISION,none,,40,-0.0023871614604182856,,0.577001953125
0.3,60,COLLISION,none,,40,-0.008779871081172563,,0.552783203125
0.3,61,SUCCESS,below,-90.83412634040268,82,0.034264042028301966,8.200000000000001,0.5972036966463414
0.3,62,COLLISION,none,,37,-0.008305517310019217,,0.6226245777027027
0.3,63,SUCCESS,above,81.81944226897842,74,0.09552607361809962,7.4,0.7271167652027027
0.5,0,COLLISION,none,,38,-0.019453516721485375,,0.6316817434210527
0.5,1,COLLISION,none,,37,-0.02456360513879824,,0.6486486486486487
0.5,2,COLLISION,none,,36,-0.013306185171505835,,0.6667751736111112
0.5,3,COLLISION,none,,36,-0.012749856989838548,,0.6456705729166666
0.5,4,COLLISION,none,,36,-0.006445605623182138,,0.6521809895833334
0.5,5,SUCCESS,above,105.90819488458588,81,0.00990597384751557,8.1,0.7817322530864198
0.5,6,COLLISION,none,,36,-0.004755579828812806,,0.6666666666666666
0.5,7,SUCCESS,below,-99.00311610000243,79,0.0499101912107347,7.9,0.6590189873417721
0.5,8,COLLISION,none,,36,-0.0058892474409743545,,0.6555447048611112
0.5,9,COLLISION,none,,39,-0.01090128891580916,,0.6411758814102564
0.5,10,COLLISION,none,,37,-0.0067353150522843075,,0.6757284628378378
0.5,11,COLLISION,none,,38,-0.005802855754435676,,0.6317331414473685
0.5,12,SUCCESS,below,-68.80473713261354,79,0.04555368133860538,7.9,0.6764240506329114
0.5,13,COLLISION,none,,38,-0.006619906579961532,,0.6316303453947368
0.5,14,COLLISION,none,,36,-0.0018262022935269795,,0.666015625
0.5,15,COLLISION,none,,39,-0.021350332067888667,,0.6414763621794872
0.5,16,SUCCESS,below,-68.22325150008795,80,0.012006615575575807,8.0,0.647607421875
0.5,17,COLLISION,none,,36,-0.00988859728282071,,0.6666666666666666
0.5,18,COLLISION,none,,37,-0.03005926593392788,,0.6486486486486487
0.5,19,COLLISION,none,,36,-0.009587341407447159,,0.6666666666666666
0.5,20,COLLISION,none,,39,-0.012480963507447984,,0.616035657051282
0.5,21,COLLISION,none,,37,-0.022968146747277818,,0.6756756756756757
0.5,22,COLLISION,none,,36,-0.010244777855489662,,0.6666666666666666
0.5,23,COLLISION,none,,39,-0.012187842637463253,,0.6158353365384616
0.5,24,COLLISION,none,,38,-0.03614525456392076,,0.6583059210526315
0.5,25,COLLISION,none,,37,-0.02718377343764594,,0.6486486486486487
0.5,26,COLLISION,none,,37,-0.009450154584865644,,0.6489125844594594
0.5,27,COLLISION,none,,39,-0.005645733286636034,,0.5984074519230769
0.5,28,COLLISION,none,,36,-0.000654872098903525,,0.6666666666666666
0.5,29,COLLISION,none,,37,-0.004104848517443915,,0.6537162162162162
0.5,30,COLLISION,none,,36,-0.027216829051929514,,0.6449652777777778
0.5,31,COLLISION,none,,38,-0.012929058320208298,,0.6321443256578947
0.5,32,COLLISION,none,,39,-0.0009107671756713454,,0.6168870192307693
0.5,33,COLLISION,none,,36,-0.007437014689268939,,0.6666666666666666
0.5,34,COLLISION,none,,37,-0.015813624564436635,,0.6488597972972973
0.5,35,COLLISION,none,,37,-0.03119125521859356,,0.6486486486486487
0.5,36,COLLISION,none,,38,-0.015612717034189927,,0.6581003289473685
0.5,37,COLLISION,none,,39,-0.018695720637108226,,0.6157852564102564
0.5,38,COLLISION,none,,36,-0.0005517446176261931,,0.6523980034722222
0.5,39,SUCCESS,above,58.72260575687469,77,0.024617899342068095,7.7,0.7542359983766234
0.5,40,COLLISION,none,,37,-0.009627637147762325,,0.6487014358108109
0.5,41,COLLISION,none,,36,-0.01601185652227094,,0.6476236979166666
0.5,42,COLLISION,none,,36,-0.02377441858614937,,0.6666666666666666
0.5,43,COLLISION,none,,38,-0.019343328447168073,,0.6124074835526315
0.5,44,COLLISION,none,,38,-0.006280109515739041,,0.6322471217105263
0.5,45,COLLISION,none,,38,-0.020459305756984958,,0.6321957236842105
0.5,46,COLLISION,none,,41,-0.0013733280362048794,,0.6012766768292683
0.5,47,COLLISION,none,,38,-0.014630402273991483,,0.6528577302631579
0.5,48,COLLISION,none,,38,-0.008498617450350188,,0.6357935855263158
0.5,49,SUCCESS,below,-90.40784219737041,77,0.033565750866500266,7.7,0.635551948051948
0.5,50,COLLISION,none,,38,-0.02218797827233765,,0.6319387335526315
0.5,51,COLLISION,none,,36,-0.010319591214989488,,0.6634657118055556
0.5,52,COLLISION,none,,39,-0.016955348246434243,,0.6155348557692307
0.5,53,COLLISION,none,,38,-0.021696449400782858,,0.6324013157894737
0.5,54,COLLISION,none,,36,-0.011077207623674978,,0.6602105034722222
0.5,55,COLLISION,none,,36,-0.007706982800243123,,0.6666666666666666
0.5,56,COLLISION,none,,37,-0.00053359551332266,,0.6536106418918919
0.5,57,SUCCESS,above,108.07710741898882,81,0.030921324756982782,8.1,0.8049527391975309
0.5,58,COLLISION,none,,37,-0.022842785242599917,,0.6486486486486487
0.5,59,COLLISION,none,,40,-0.0006417833290311425,,0.6068359375
0.5,60,COLLISION,none,,36,-0.011054533917072118,,0.6666666666666666
0.5,61,COLLISION,none,,37,-0.013642696941630561,,0.6501266891891891
0.5,62,COLLISION,none,,37,-0.006573851892476779,,0.6520798141891891
0.5,63,COLLISION,none,,38,-0.011099760654187496,,0.6333264802631579
1.0,0,COLLISION,none,,36,-0.019735769361753253,,0.6944444444444444
1.0,1,COLLISION,none,,36,-0.013168877338018803,,0.6944444444444444
1.0,2,COLLISION,none,,36,-0.044455431666708733,,0.6944444444444444
1.0,3,COLLISION,none,,36,-0.015929079767020293,,0.6716037326388888
1.0,4,COLLISION,none,,36,-0.02709481088720872,,0.6758355034722222
1.0,5,COLLISION,none,,36,-0.012172057459630292,,0.6944444444444444
1.0,6,COLLISION,none,,36,-0.02834332593627381,,0.6944444444444444
1.0,7,COLLISION,none,,36,-0.016812856482838145,,0.6798502604166666
1.0,8,COLLISION,none,,37,-0.017299164647597787,,0.6613175675675675
1.0,9,COLLISION,none,,37,-0.0062829935619997945,,0.7028610641891891
1.0,10,COLLISION,none,,37,-0.025392388256517573,,0.7027027027027027
1.0,11,COLLISION,none,,36,-0.004646108338479005,,0.6944444444444444
1.0,12,COLLISION,none,,36,-0.013776236546737208,,0.6944444444444444
1.0,13,COLLISION,none,,36,-0.030386363838965535,,0.6944444444444444
1.0,14,COLLISION,none,,38,-0.014658901729776519,,0.6568153782894737
1.0,15,COLLISION,none,,38,-0.00748386936175055,,0.6847245065789473
1.0,16,COLLISION,none,,37,-0.01407797743677447,,0.6757284628378378
1.0,17,COLLISION,none,,36,-0.030125969275850872,,0.6944444444444444
1.0,18,COLLISION,none,,36,-0.019908204392808604,,0.6944444444444444
1.0,19,COLLISION,none,,36,-0.027924328738833992,,0.6944444444444444
1.0,20,COLLISION,none,,38,-0.02606699904806037,,0.6588712993421053
1.0,21,COLLISION,none,,37,-0.03278971821345045,,0.7027027027027027
1.0,22,COLLISION,none,,36,-0.03679852952355389,,0.6944444444444444
1.0,23,COLLISION,none,,36,-0.008651205058645917,,0.6944444444444444
1.0,24,COLLISION,none,,37,-0.01410556355725795,,0.7027027027027027
1.0,25,COLLISION,none,,36,-0.01834714517543745,,0.6944444444444444
1.0,26,COLLISION,none,,36,-0.017941318714257803,,0.6944444444444444
1.0,27,COLLISION,none,,38,-0.020010572070721155,,0.6406763980263158
1.0,28,COLLISION,none,,36,-0.022328509537312635,,0.6944444444444444
1.0,29,COLLISION,none,,37,-0.0029073513355536984,,0.6798986486486487
1.0,30,COLLISION,none,,36,-0.026388961000758215,,0.6700303819444444
1.0,31,COLLISION,none,,37,-0.007494836834032459,,0.6759923986486487
1.0,32,COLLISION,none,,38,-0.007657151768471648,,0.658203125
1.0,33,COLLISION,none,,36,-0.0292822576131892,,0.6944444444444444
1.0,34,COLLISION,none,,37,-0.011458668207261158,,0.6759396114864865
1.0,35,COLLISION,none,,36,-0.0174124911724034,,0.6944444444444444
1.0,36,COLLISION,none,,37,-0.015506746213678202,,0.7027027027027027
1.0,37,COLLISION,none,,37,-0.0139742439099379,,0.67578125
1.0,38,COLLISION,none,,36,-0.002604802405170692,,0.6775173611111112
1.0,39,COLLISION,none,,38,-0.006351477060535238,,0.6582545230263158
1.0,40,COLLISION,none,,37,-0.019695098572930336,,0.67578125
1.0,41,COLLISION,none,,36,-0.025092550562940352,,0.6742078993055556
1.0,42,COLLISION,none,,36,-0.040218181227125505,,0.6944444444444444
1.0,43,COLLISION,none,,36,-0.017128271587264543,,0.6770290798611112
1.0,44,COLLISION,none,,37,-0.027654988465882102,,0.6757284628378378
1.0,45,COLLISION,none,,37,-0.02968334111605725,,0.6757284628378378
1.0,46,COLLISION,none,,38,-0.016827686222900484,,0.6747532894736842
1.0,47,COLLISION,none,,37,-0.03386120428992467,,0.6951013513513513
1.0,48,SUCCESS,below,-105.84888531480095,77,0.01745943708206521,7.7,0.7113940746753247
1.0,49,COLLISION,none,,38,-0.0044850923179924895,,0.6579975328947368
1.0,50,COLLISION,none,,37,-0.02690378687828221,,0.6757284628378378
1.0,51,COLLISION,none,,36,-0.024294347343063127,,0.6909722222222222
1.0,52,COLLISION,none,,36,-0.024797172293002934,,0.6944444444444444
1.0,53,COLLISION,none,,37,-0.02416436916847592,,0.6766786317567568
1.0,54,COLLISION,none,,36,-0.04275654066548751,,0.6851671006944444
1.0,55,COLLISION,none,,36,-0.028390440140673157,,0.6944444444444444
1.0,56,COLLISION,none,,37,-0.017011058903921017,,0.6782094594594594
1.0,57,COLLISION,none,,37,-0.033247306878528005,,0.67578125
1.0,58,COLLISION,none,,36,-0.01232743027875477,,0.6944444444444444
1.0,59,COLLISION,none,,37,-0.018907695551971526,,0.6783678209459459
1.0,60,COLLISION,none,,36,-0.03710165486505229,,0.6944444444444444
1.0,61,COLLISION,none,,38,-0.00730374932893757,,0.6583573190789473
1.0,62,COLLISION,none,,39,-0.014542336096144637,,0.6423778044871795
1.0,63,COLLISION,none,,37,-0.005373919384315862,,0.6765202702702703
