gamma,seed,file,reference_success,reference_reached,reference_collision,reference_taskspace_violation,plant_success,plant_reached,plant_collision,plant_taskspace_violation,plant_true_soft_geofence_violation,plant_measured_soft_geofence_violation,plant_true_hard_geofence_violation,plant_measured_hard_geofence_violation,raw_action_cap_fraction,reference_speed_cap_fraction,reference_vertical_speed_cap_fraction,applied_action_cap_fraction,clearance_erosion_m,reference_min_clearance_m,plant_min_clearance_m,minimum_true_soft_geofence_margin_m,minimum_measured_soft_geofence_margin_m,minimum_true_hard_geofence_margin_m,minimum_measured_hard_geofence_margin_m,tracking_rmse_m,tracking_max_error_m,reference_command_rmse_m,command_clip_fraction,peak_reference_speed_mps,peak_plant_speed_mps,peak_abs_plant_vertical_speed_mps,max_abs_applied_acceleration_mps2,time_to_goal_s
0.1,3,run_g0.1_s3.npz,True,True,False,False,True,True,False,False,False,False,False,False,0.7215189873417721,0.1620253164556962,0.0,0.0,0.10545349439349755,0.18184396771501043,0.07639047332151289,0.11711261272430418,0.1148852467536926,0.2671126127243042,0.2648852467536926,0.1564762145280838,0.34877148270606995,0.0,0.0,0.700004518032074,0.8564441800117493,0.24254463613033295,0.29998090863227844,8.384375518408653
0.1,4,run_g0.1_s4.npz,True,True,False,False,True,True,False,False,False,False,False,False,0.8395061728395061,0.1728395061728395,0.0,0.0,0.11694591521292147,0.17212206284423448,0.05517614763131301,0.09952560663223264,0.09795389175415037,0.24952560663223267,0.2479538917541504,0.16833411157131195,0.37703466415405273,0.0,0.0,0.700004518032074,0.9204788208007812,0.20581066608428955,0.2998589873313904,8.596301531195309
0.1,5,run_g0.1_s5.npz,True,True,False,False,True,True,False,False,False,False,False,False,0.8333333333333334,0.14523809523809525,0.0,0.0,0.05714779318869195,0.113173227164373,0.05602543397568105,0.06881639957427976,0.06570554375648496,0.21881639957427979,0.21570554375648499,0.15096338093280792,0.3051377236843109,0.0,0.0,0.7000028491020203,0.9132875800132751,0.17551088333129883,0.29993605613708496,8.958501377568318
0.1,6,run_g0.1_s6.npz,True,True,False,False,True,True,False,False,False,False,False,False,0.8048780487804879,0.06707317073170732,0.0,0.0,0.07901807750423712,0.1530216238221006,0.07400354631786349,0.05416402816772459,0.0516160190105438,0.2041640281677246,0.20161601901054382,0.13501125574111938,0.24929042160511017,0.0,0.0,0.7000027298927307,0.7507232427597046,0.21857108175754547,0.2999386489391327,8.793075145052425
0.1,9,run_g0.1_s9.npz,True,True,False,False,True,True,False,False,False,False,False,False,0.8111111111111111,0.19555555555555557,0.0,0.0,0.010005713857829723,0.0804777579101123,0.07047204405228258,0.06760550141334531,0.06517273783683775,0.21760550141334534,0.21517273783683777,0.1617361307144165,0.43705689907073975,0.0,0.0,0.7000053524971008,0.9687665104866028,0.19518853724002838,0.29984769225120544,9.466494797236125
0.1,10,run_g0.1_s10.npz,True,True,False,False,True,True,False,False,False,False,False,False,0.759493670886076,0.11139240506329114,0.0,0.012658227848101266,0.09929141864015795,0.15852118930130732,0.05922977066114937,0.1043026804924011,0.10151181221008299,0.2543026804924011,0.251511812210083,0.15709614753723145,0.2651255428791046,0.0,0.0,0.7000043392181396,0.8061715960502625,0.21037180721759796,0.2999904751777649,8.41999313823925
0.1,11,run_g0.1_s11.npz,True,True,False,False,True,True,False,False,False,False,False,False,0.8205128205128205,0.15,0.0,0.0,0.06974189937422043,0.18548937273419275,0.11574747335997232,0.09740386009216306,0.09434739351272581,0.24740386009216309,0.24434739351272583,0.15887077152729034,0.2602590024471283,0.0,0.0,0.7000048160552979,0.7901024222373962,0.23497705161571503,0.2999154031276703,8.267555601602448
0.1,12,run_g0.1_s12.npz,True,True,False,False,True,True,False,False,False,False,False,False,0.8214285714285714,0.18095238095238095,0.0,0.0,0.05151796519714685,0.13227440782003652,0.08075644262288967,0.09316865205764768,0.09063375592231748,0.2431686520576477,0.2406337559223175,0.15034256875514984,0.3372660279273987,0.0,0.0,0.7000030279159546,0.9134716391563416,0.24256491661071777,0.2999470829963684,8.93433148215982
0.1,13,run_g0.1_s13.npz,True,True,False,False,True,True,False,False,False,False,False,False,0.8076923076923077,0.18717948717948718,0.0,0.0,0.07265402531518339,0.20634010806976466,0.13368608275458127,0.08857188224792478,0.08484927415847776,0.2385718822479248,0.23484927415847778,0.17072655260562897,0.2551608681678772,0.0,0.0,0.7000060677528381,0.7804728746414185,0.21980920433998108,0.2999154031276703,8.238329141848864
0.1,14,run_g0.1_s14.npz,True,True,False,False,True,True,False,False,False,False,False,False,0.8444444444444444,0.0811111111111111,0.0,0.0,0.0672088217075546,0.10169606434228162,0.03448724263472702,0.04932174682617185,0.04793584942817686,0.19932174682617188,0.19793584942817688,0.13878361880779266,0.286746621131897,0.0,0.0,0.7000032663345337,0.8420569896697998,0.2343289703130722,0.29996955394744873,9.497790053505584
0.1,15,run_g0.1_s15.npz,True,True,False,False,True,True,False,False,False,False,False,False,0.7976190476190477,0.1880952380952381,0.0,0.0,0.09182684124223445,0.12885587533900777,0.03702903409677333,0.07081819176673887,0.06659126877784727,0.2208181917667389,0.2165912687778473,0.14681509137153625,0.3188454210758209,0.0,0.0,0.7000031471252441,0.8569734692573547,0.24428020417690277,0.2988229990005493,8.920283680450192
0.1,16,run_g0.1_s16.npz,True,True,False,False,True,True,False,False,False,False,False,False,0.7317073170731707,0.1902439024390244,0.0,0.0,0.07242431450352466,0.14357673272940652,0.07115241822588186,0.044978922605514504,0.041614329814910866,0.19497892260551453,0.1916143298149109,0.13678108155727386,0.26091834902763367,0.0,0.0,0.700003981590271,0.8692584037780762,0.21114085614681244,0.2998616695404053,8.736314434824722
0.1,17,run_g0.1_s17.npz,True,True,False,False,True,True,False,False,False,False,False,False,0.8311688311688312,0.14415584415584415,0.0,0.0,0.0776309473202349,0.2308216677526881,0.1531907204324532,0.09725931882858274,0.09511116743087766,0.24725931882858276,0.24511116743087769,0.17687372863292694,0.3339675962924957,0.0,0.0,0.7000023722648621,0.8441808819770813,0.21377255022525787,0.2999599874019623,8.077080112945334
0.1,19,run_g0.1_s19.npz,True,True,False,False,True,True,False,False,False,False,False,False,0.8026315789473685,0.15789473684210525,0.0,0.0,0.09812463690253043,0.17036638612581834,0.07224174922328791,0.10318330526351926,0.10173205137252805,0.2531833052635193,0.2517320513725281,0.1775664985179901,0.27318647503852844,0.0,0.0,0.7000077366828918,0.7892498970031738,0.2064564824104309,0.2999691963195801,7.989627426799064
0.1,20,run_g0.1_s20.npz,True,True,False,False,True,True,False,False,False,False,False,False,0.8271604938271605,0.1382716049382716,0.0,0.0,0.1193773319205721,0.16752216532882358,0.048144833408251486,0.16496834754943845,0.16453764438629148,0.3149683475494385,0.3145376443862915,0.16110104322433472,0.334401935338974,0.0,0.0,0.700006902217865,0.8510775566101074,0.26968762278556824,0.29996150732040405,8.405053428988518
0.1,22,run_g0.1_s22.npz,True,True,False,False,True,True,False,False,False,False,False,False,0.9367088607594937,0.14936708860759493,0.0,0.0,0.1144133024913273,0.1608640186593171,0.04645071616798979,0.11261311769485471,0.1097231864929199,0.26261311769485474,0.2597231864929199,0.17033180594444275,0.2805616557598114,0.0,0.0,0.700005829334259,0.7993135452270508,0.1566605120897293,0.29996955394744873,8.29474610332194
0.1,23,run_g0.1_s23.npz,True,True,False,False,True,True,False,False,False,False,False,False,0.6875,0.18,0.0,0.0,0.10212621351080564,0.17762548174197323,0.0754992682311676,0.06090099215507505,0.05889022946357725,0.21090099215507507,0.20889022946357727,0.16013523936271667,0.3477761745452881,0.0,0.0,0.7000030279159546,0.8751358985900879,0.2404472529888153,0.299701988697052,8.420755543908191
0.1,30,run_g0.1_s30.npz,True,True,False,False,True,True,False,False,False,False,False,False,0.8333333333333334,0.19166666666666668,0.0,0.0,0.1229472031480714,0.14241130750891606,0.01946410436084467,0.05801943540573118,0.055949962139129616,0.2080194354057312,0.20594996213912964,0.15724098682403564,0.28646600246429443,0.0,0.0,0.7000049948692322,0.8448335528373718,0.26647236943244934,0.29991066455841064,8.83874090800346
0.1,31,run_g0.1_s31.npz,True,True,False,False,True,True,False,False,False,False,False,False,0.8536585365853658,0.21097560975609755,0.0,0.0,0.06354836840331574,0.11144436027701926,0.047895991873703525,0.08168736696243284,0.07980830073356626,0.23168736696243286,0.22980830073356628,0.15135720372200012,0.27779000997543335,0.0,0.0,0.700005292892456,0.8977236151695251,0.20603159070014954,0.29985934495925903,8.779231466778274
0.1,32,run_g0.1_s32.npz,True,True,False,False,True,True,False,False,False,False,False,False,0.7894736842105263,0.17763157894736842,0.0,0.0,0.08034345222258488,0.236156735851609,0.15581328362902414,0.08171302676200864,0.08034074902534483,0.23171302676200867,0.23034074902534485,0.1667337417602539,0.26751449704170227,0.0,0.0,0.7000036239624023,0.7706817984580994,0.1723322868347168,0.2983333468437195,7.9398841421723985
0.1,35,run_g0.1_s35.npz,True,True,False,False,True,True,False,False,False,False,False,False,0.8795180722891566,0.1578313253012048,0.0,0.0,0.050987592025841855,0.12839326872503176,0.07740567669918991,0.047559207677841164,0.04491332769393919,0.1975592076778412,0.1949133276939392,0.14908680319786072,0.28218910098075867,0.0,0.0,0.7000028491020203,0.8603525161743164,0.1896798014640808,0.2999492585659027,8.770795819265118
0.1,37,run_g0.1_s37.npz,True,True,False,False,True,True,False,False,False,False,False,False,0.7733333333333333,0.15733333333333333,0.0,0.0,0.09199060544256521,0.24520815617393044,0.15321755073136523,0.0786497354507446,0.07760590910911558,0.22864973545074463,0.2276059091091156,0.16506467759609222,0.2670533359050751,0.0,0.0,0.7000027298927307,0.7602363228797913,0.21519330143928528,0.2999340891838074,7.907531753437265
0.1,39,run_g0.1_s39.npz,True,True,False,False,True,True,False,False,False,False,False,False,0.7738095238095238,0.1261904761904762,0.0,0.0,0.04752233211959239,0.11657685884969915,0.06905452673010676,0.08639884591102598,0.0832964241504669,0.236398845911026,0.23329642415046692,0.14713642001152039,0.2989409565925598,0.0,0.0,0.7000042796134949,0.8768672943115234,0.2261689454317093,0.2999144196510315,8.89387449989968
0.1,41,run_g0.1_s41.npz,True,True,False,False,True,True,False,False,False,False,False,False,0.8554216867469879,0.18433734939759036,0.0,0.0,0.047220404324518794,0.11626103625737144,0.06904063193285265,0.11744526624679563,0.11522195339202879,0.26744526624679565,0.2652219533920288,0.15340112149715424,0.3011862635612488,0.0,0.0,0.7000059485435486,0.8574253916740417,0.17819419503211975,0.2999637722969055,8.675076802036338
0.1,42,run_g0.1_s42.npz,True,True,False,False,True,True,False,False,False,False,False,False,0.7901234567901234,0.1654320987654321,0.0,0.0,0.09695376567246278,0.14196375812526996,0.04500999245280718,0.0476996064186096,0.04714754819869993,0.19769960641860962,0.19714754819869995,0.1727171540260315,0.3259779214859009,0.0,0.0,0.7000048756599426,0.9465407729148865,0.255230575799942,0.2999744117259979,8.56936376235533
0.1,43,run_g0.1_s43.npz,True,True,False,False,True,True,False,False,False,False,False,False,0.7375,0.185,0.0,0.0,0.0781983104706464,0.1621426501352402,0.0839443396645938,0.056377744674682595,0.053904002904891946,0.20637774467468262,0.20390400290489197,0.14951863884925842,0.2767704427242279,0.0,0.0,0.7000035047531128,0.8807950019836426,0.2157156765460968,0.2998661398887634,8.532757062395813
0.1,44,run_g0.1_s44.npz,True,True,False,False,True,True,False,False,False,False,False,False,0.8518518518518519,0.2222222222222222,0.0,0.0,0.028029307496627687,0.12285226464618404,0.09482295714955635,0.1090333819389343,0.10715261697769163,0.2590333819389343,0.25715261697769165,0.1489831507205963,0.37977179884910583,0.0,0.0,0.7000039219856262,0.9840927124023438,0.19917045533657074,0.2999154031276703,8.600239106226132
0.1,52,run_g0.1_s52.npz,True,True,False,False,True,True,False,False,False,False,False,False,0.7926829268292683,0.09634146341463415,0.0,0.0,0.11138865343405008,0.1558890177072988,0.044500364273248716,0.13465640544891355,0.13290230035781858,0.2846564054489136,0.2829023003578186,0.15356242656707764,0.29942992329597473,0.0,0.0,0.7000027298927307,0.8335332870483398,0.23678426444530487,0.2999492585659027,8.690530355309793
0.1,54,run_g0.1_s54.npz,True,True,False,False,True,True,False,False,False,False,False,False,0.8076923076923077,0.22435897435897437,0.0,0.0,0.06570335597424443,0.15673217085829372,0.09102881488404929,0.09640375375747678,0.09313271045684812,0.2464037537574768,0.24313271045684814,0.16508090496063232,0.3247296214103699,0.0,0.0,0.700005829334259,0.9437738060951233,0.18327979743480682,0.2999644875526428,8.347538639295854
0.1,55,run_g0.1_s55.npz,True,True,False,False,True,True,False,False,False,False,False,False,0.7875,0.16875,0.0,0.0,0.0835726975057074,0.17091733595110803,0.08734463844540064,0.06361005306243894,0.060192173719406106,0.21361005306243896,0.21019217371940613,0.15955348312854767,0.3848665654659271,0.0,0.0,0.7000054121017456,0.9340740442276001,0.20476454496383667,0.2999781668186188,8.41520167806745
0.1,57,run_g0.1_s57.npz,True,True,False,False,True,True,False,False,False,False,False,False,0.8243243243243243,0.27702702702702703,0.0,0.0,0.07715057720722451,0.22319483612970148,0.14604425892247697,0.10465095043182371,0.10302886962890623,0.25465095043182373,0.25302886962890625,0.1950441598892212,0.26726603507995605,0.0,0.0,0.7000067830085754,0.7845107316970825,0.2373838871717453,0.2999492585659027,7.7234154247715034
0.1,58,run_g0.1_s58.npz,True,True,False,False,True,True,False,False,False,False,False,False,0.8539325842696629,0.14831460674157304,0.0,0.0,0.06733537320100624,0.09506996896462977,0.027734595763623526,0.06739643812179563,0.06577891707420347,0.21739643812179565,0.2157789170742035,0.15332773327827454,0.4120311439037323,0.0,0.0,0.7000032067298889,0.9569994211196899,0.20632165670394897,0.299897700548172,9.432777137571351
0.1,59,run_g0.1_s59.npz,True,True,False,False,True,True,False,False,False,False,False,False,0.8181818181818182,0.2064935064935065,0.0,0.0,0.02529081845777703,0.18233874303126074,0.1570479245734837,0.07685354948043821,0.07418421506881712,0.22685354948043823,0.22418421506881714,0.16412416100502014,0.28463074564933777,0.0,0.0,0.7000059485435486,0.7945601344108582,0.16367995738983154,0.29993167519569397,8.080662305931538
0.1,60,run_g0.1_s60.npz,True,True,False,False,True,True,False,False,False,False,False,False,0.8157894736842105,0.16842105263157894,0.0,0.0,0.07595499944670786,0.18995468180261788,0.11399968235591001,0.12145802974700926,0.11981467008590696,0.2714580297470093,0.269814670085907,0.16603106260299683,0.2767854332923889,0.0,0.0,0.7000029683113098,0.8017931580543518,0.18753387033939362,0.2999083399772644,7.968819693831811
0.1,61,run_g0.1_s61.npz,True,True,False,False,True,True,False,False,False,False,False,False,0.7816091954022989,0.16436781609195403,0.0,0.0,0.07994594687726098,0.09937990718874845,0.019433960311487475,0.05059445500373838,0.04779360294342039,0.2005944550037384,0.1977936029434204,0.14857320487499237,0.337588369846344,0.0,0.0,0.7000045776367188,0.9156935811042786,0.2762291431427002,0.29997092485427856,9.240635363706003
0.1,64,run_g0.1_s64.npz,True,True,False,False,True,True,False,False,False,False,False,False,0.8076923076923077,0.17307692307692307,0.0,0.0,0.06660794185742919,0.17321863944037041,0.10661069758294123,0.07378629446029661,0.07234833240509031,0.22378629446029663,0.22234833240509033,0.15856659412384033,0.25275832414627075,0.0,0.0,0.7000064849853516,0.7971861958503723,0.20444725453853607,0.29921650886535645,8.205598331790757
0.1,65,run_g0.1_s65.npz,True,True,False,False,True,True,False,False,False,False,False,False,0.8860759493670886,0.23670886075949368,0.0,0.0,0.09958089217166355,0.18327303515353732,0.08369214298187377,0.06921163797378538,0.06774783730506895,0.2192116379737854,0.21774783730506897,0.1691046953201294,0.28179267048835754,0.0,0.0,0.7000064849853516,0.8341335654258728,0.2027636021375656,0.2998831272125244,8.371127541177154
0.1,66,run_g0.1_s66.npz,True,True,False,False,True,True,False,False,False,False,False,False,0.8095238095238095,0.12023809523809524,0.0,0.0,0.06433072952420521,0.13305985373725837,0.06872912421305316,0.07496879100799558,0.07202321887016294,0.2249687910079956,0.22202321887016296,0.1521662324666977,0.27876898646354675,0.0,0.0,0.7000026106834412,0.8257064819335938,0.26359331607818604,0.2999323010444641,8.917687105850103
0.1,69,run_g0.1_s69.npz,True,True,False,False,True,True,False,False,False,False,False,False,0.8717948717948718,0.20897435897435898,0.0,0.01282051282051282,0.05436375493693968,0.15713116961603357,0.1027674146790939,0.12999424934387205,0.12768963575363157,0.27999424934387207,0.2776896357536316,0.1617787480354309,0.3339143395423889,0.0,0.0,0.7000036835670471,0.9350854158401489,0.21485422551631927,0.29999181628227234,8.291949832158197
0.1,72,run_g0.1_s72.npz,True,True,False,False,True,True,False,False,False,False,False,False,0.7922077922077922,0.21818181818181817,0.0,0.0,0.03631629402885839,0.1522239997374495,0.1159077057085911,0.09570629000663755,0.0926420748233795,0.24570629000663757,0.24264207482337952,0.15020401775836945,0.25979965925216675,0.0,0.0,0.7000041604042053,0.8469269871711731,0.20740260183811188,0.29987281560897827,8.224485226931238
0.1,74,run_g0.1_s74.npz,True,True,False,False,True,True,False,False,False,False,False,False,0.8311688311688312,0.16233766233766234,0.0,0.0,0.10903905064275637,0.19690694073278225,0.08786789009002588,0.12837131023406978,0.17404810190200803,0.2783713102340697,0.32404810190200806,0.18536542356014252,0.39542198181152344,0.0,0.0,0.7000033855438232,0.8808103799819946,0.19991178810596466,0.2999023497104645,8.071858650626003
0.1,75,run_g0.1_s75.npz,True,True,False,False,True,True,False,False,False,False,False,False,0.8333333333333334,0.1488095238095238,0.0,0.0,0.01962821068863818,0.12639652534260637,0.10676831465396819,0.057053512334823586,0.05466893911361692,0.2070535123348236,0.20466893911361694,0.14654231071472168,0.29613232612609863,0.0,0.0,0.7000029683113098,0.8296242356300354,0.1890374720096588,0.29983243346214294,8.837803586985165
0.1,76,run_g0.1_s76.npz,True,True,False,False,True,True,False,False,False,False,False,False,0.825,0.1825,0.0,0.0,0.053668472448921756,0.1487746287417302,0.09510615629280844,0.07166150808334348,0.06911925077438352,0.2216615080833435,0.21911925077438354,0.15628351271152496,0.2781408727169037,0.0,0.0,0.700003445148468,0.8292726874351501,0.21957050263881683,0.2999648451805115,8.592853346050697
0.1,77,run_g0.1_s77.npz,True,True,False,False,True,True,False,False,False,False,False,False,0.8461538461538461,0.14615384615384616,0.0,0.0,0.06686313464229166,0.22474611186125115,0.1578829772189595,0.05542991161346433,0.05450541377067564,0.20542991161346436,0.20450541377067566,0.15896189212799072,0.3115604817867279,0.0,0.0,0.7000032663345337,0.8206663727760315,0.2607686221599579,0.2997649312019348,8.154467234302409
0.1,78,run_g0.1_s78.npz,True,True,False,False,True,True,False,False,False,False,False,False,0.7671232876712328,0.27534246575342464,0.0,0.0,0.11182881280564028,0.2547166513568929,0.14288783855125264,0.08933991789817808,0.088038033246994,0.2393399178981781,0.23803803324699402,0.2066948115825653,0.3431454002857208,0.0,0.0,0.7000065445899963,0.8327859044075012,0.2616138458251953,0.29998132586479187,7.669391959614124
0.1,79,run_g0.1_s79.npz,True,True,False,False,True,True,False,False,False,False,False,False,0.7875,0.22,0.0,0.0,0.07883899799228544,0.12841848215676255,0.049579484164477106,0.06204784512519834,0.05960488915443418,0.21204784512519836,0.2096048891544342,0.1576218158006668,0.30623847246170044,0.0,0.0,0.7000057697296143,0.8865357637405396,0.21596388518810272,0.2998715937137604,8.492022066603283
0.1,80,run_g0.1_s80.npz,True,True,False,False,True,True,False,False,False,False,False,False,0.85,0.255,0.0,0.0,0.07639421585190925,0.13285267432535575,0.05645845847344649,0.07985085844993589,0.07613021731376646,0.2298508584499359,0.22613021731376648,0.14997676014900208,0.2676544487476349,0.0,0.0,0.7000070214271545,0.8668771386146545,0.1896553486585617,0.29993459582328796,8.556777599476256
0.1,81,run_g0.1_s81.npz,True,True,False,False,True,True,False,False,False,False,False,False,0.7037037037037037,0.18641975308641975,0.0,0.0,0.09546310479940184,0.1471001752119856,0.05163707041258375,0.06543005108833311,0.06376085281372068,0.21543005108833313,0.2137608528137207,0.1594080626964569,0.42166829109191895,0.0,0.0,0.7000043392181396,0.9484754800796509,0.23157843947410583,0.2999805510044098,8.52571918223077
0.1,82,run_g0.1_s82.npz,True,True,False,False,True,True,False,False,False,False,False,False,0.8433734939759037,0.1650602409638554,0.0,0.0,0.07057023659848982,0.14034145603911263,0.06977121944062281,0.04214397668838499,0.03981280922889707,0.192143976688385,0.1898128092288971,0.14544536173343658,0.2973722517490387,0.0,0.0,0.7000026702880859,0.8522495031356812,0.23561763763427734,0.2999687194824219,8.87810592658024
0.1,84,run_g0.1_s84.npz,True,True,False,False,True,True,False,False,False,False,False,False,0.7435897435897436,0.13076923076923078,0.0,0.0,0.10005002908528726,0.1718535296211341,0.07180350053584683,0.23713464736938472,0.2898311138153076,0.38713464736938463,0.4398311138153075,0.16056028008460999,0.2956148386001587,0.0,0.0,0.7000032067298889,0.8255859017372131,0.15841899812221527,0.29991281032562256,8.1965322159605
0.3,1,run_g0.3_s1.npz,True,True,False,False,False,True,True,True,True,True,False,False,0.6623376623376623,0.3142857142857143,0.0,0.0,0.20552696667904546,0.08809314867070878,-0.11743381800833669,-0.007201099395751975,-0.008595609664917014,0.14279890060424805,0.141404390335083,0.2471015304327011,0.5498480200767517,0.0,0.0,0.7000055313110352,0.9934985637664795,0.2788006067276001,0.29930976033210754,7.886295673275757
0.3,3,run_g0.3_s3.npz,True,True,False,False,False,True,True,True,True,True,False,False,0.5584415584415584,0.312987012987013,0.0,0.0,0.2080102509254702,0.05008728824078684,-0.15792296268468337,-0.009252452850341819,-0.010931217670440696,0.1407475471496582,0.13906878232955933,0.2989017069339752,0.5135174989700317,0.0,0.0,0.7000067234039307,0.9324246048927307,0.2705947756767273,0.2999127209186554,8.008671380392931
0.3,4,run_g0.3_s4.npz,True,True,False,False,False,True,True,False,False,False,False,False,0.6133333333333333,0.336,0.0,0.0,0.20354736365416568,0.05273932296566797,-0.1508080406884977,0.0038500785827636497,0.002544528245925881,0.15385007858276367,0.1525445282459259,0.33150312304496765,0.5888751745223999,0.0,0.0,0.7000055909156799,0.9560054540634155,0.30165475606918335,0.29996955394744873,7.954018144551332
0.3,5,run_g0.3_s5.npz,True,True,False,False,False,True,True,True,True,True,False,False,0.6282051282051282,0.31025641025641026,0.0,0.0,0.2215265487147609,0.04800518616849592,-0.173521362546265,-0.005299830436706565,-0.008387231826782249,0.14470016956329346,0.14161276817321777,0.24504704773426056,0.440591961145401,0.0,0.0,0.7000056505203247,0.9940449595451355,0.26283934712409973,0.2999616265296936,8.246178290980025
0.3,6,run_g0.3_s6.npz,True,True,False,False,False,True,True,False,False,False,False,False,0.6973684210526315,0.28421052631578947,0.0,0.0,0.2331806208215667,0.05140515077743307,-0.18177547004413364,0.03384653329849241,0.032342678308486916,0.18384653329849243,0.18234267830848694,0.25168436765670776,0.4257160723209381,0.0,0.0,0.700004518032074,0.8768125176429749,0.2589339315891266,0.29997164011001587,7.9523388384765035
0.3,7,run_g0.3_s7.npz,True,True,False,False,False,True,True,False,False,False,False,False,0.6363636363636364,0.24675324675324675,0.0,0.0,0.20385765161073469,0.05693170226926153,-0.14692594934147316,0.014347022771835305,0.011269128322601296,0.16434702277183533,0.16126912832260132,0.21175211668014526,0.3833683729171753,0.0,0.0,0.7000058889389038,0.8425131440162659,0.2816759943962097,0.2991523742675781,8.261762593299805
0.3,8,run_g0.3_s8.npz,True,True,False,False,False,True,True,True,True,True,False,False,0.6578947368421053,0.2578947368421053,0.0,0.0,0.2007377372156558,0.09431509450127329,-0.10642264271438251,-0.01423313617706301,-0.01615380644798281,0.135766863822937,0.1338461935520172,0.23094062507152557,0.41086292266845703,0.0,0.0,0.7000063061714172,0.8814893364906311,0.27542269229888916,0.2999492585659027,8.12644022463498
0.3,11,run_g0.3_s11.npz,True,True,False,False,False,True,True,True,True,True,False,False,0.6351351351351351,0.30945945945945946,0.0,0.0,0.19169195716298804,0.07803659717242412,-0.11365535999056392,-0.0009246110916137917,-0.0032702028751373513,0.14907538890838623,0.14672979712486267,0.24225804209709167,0.42536842823028564,0.0,0.0,0.700005829334259,0.8517594933509827,0.2670277953147888,0.2999492585659027,7.951281718088114
0.3,14,run_g0.3_s14.npz,True,True,False,False,False,True,True,True,True,True,False,False,0.6533333333333333,0.264,0.0,0.0,0.23413021080335086,0.06672851231329369,-0.16740169849005718,-0.005522483587265037,-0.007293933629989646,0.14447751641273499,0.14270606637001038,0.2830958068370819,0.4844137728214264,0.0,0.0,0.7000082731246948,0.928591251373291,0.28296560049057007,0.29989346861839294,8.05347464488128
0.3,15,run_g0.3_s15.npz,True,True,False,False,False,True,True,False,False,False,False,False,0.6753246753246753,0.22987012987012986,0.0,0.0,0.19770200395105958,0.06811734618333914,-0.12958465776772043,0.03743348121643064,0.034419959783554055,0.18743348121643066,0.18441995978355408,0.2550245225429535,0.46240147948265076,0.0,0.0,0.7000064849853516,0.9121071100234985,0.2324112206697464,0.2998482286930084,8.303356349739637
0.3,21,run_g0.3_s21.npz,True,True,False,False,False,True,True,True,True,True,False,False,0.5512820512820513,0.2858974358974359,0.0,0.0,0.2372752177130699,0.05457374937524939,-0.1827014683378205,-0.022588545083999656,-0.025401049852371238,0.12741145491600037,0.12459895014762878,0.2497260570526123,0.4416670501232147,0.0,0.0,0.7000054121017456,0.9028968214988708,0.3257274925708771,0.2998213768005371,8.256008937399223
0.3,22,run_g0.3_s22.npz,True,True,False,False,False,True,True,False,False,False,False,False,0.6933333333333334,0.22266666666666668,0.0,0.0,0.19955958704866672,0.08487435947940608,-0.11468522756926064,0.037556147575378396,0.036306506395339944,0.18755614757537842,0.18630650639533997,0.24183818697929382,0.41961297392845154,0.0,0.0,0.7000055909156799,0.8817012906074524,0.2578321099281311,0.29996955394744873,8.05915082588754
0.3,23,run_g0.3_s23.npz,True,True,False,False,False,True,True,False,False,False,False,False,0.6486486486486487,0.3202702702702703,0.0,0.0,0.22630159437419362,0.07409645186149905,-0.15220514251269457,0.02645198106765745,0.022472178936004616,0.17645198106765747,0.17247217893600464,0.25109198689460754,0.41310739517211914,0.0,0.0,0.7000073790550232,0.864557683467865,0.2814486026763916,0.2994031012058258,7.8308990217560135
0.3,24,run_g0.3_s24.npz,True,True,False,False,False,True,True,True,True,True,False,False,0.6493506493506493,0.22467532467532467,0.0,0.0,0.21870076988210008,0.07578741018157564,-0.14291335970052443,-0.0028089821338653786,-0.004119658470153831,0.14719101786613464,0.1458803415298462,0.24766817688941956,0.44198983907699585,0.0,0.0,0.700005829334259,0.893898069858551,0.2550131380558014,0.2998589873313904,8.37340769325857
0.3,25,run_g0.3_s25.npz,True,True,False,False,False,True,True,True,True,True,False,False,0.6582278481012658,0.2848101265822785,0.0,0.0,0.21330093570691067,0.032474132249051824,-0.18082680345785884,-0.006470316648483299,-0.007618093490600608,0.14352968335151672,0.14238190650939941,0.22954274713993073,0.4232306480407715,0.0,0.0,0.7000045776367188,0.9865429997444153,0.2957269251346588,0.29979026317596436,8.310278577903391
0.3,26,run_g0.3_s26.npz,True,True,False,False,False,True,True,True,True,True,False,False,0.6447368421052632,0.29473684210526313,0.0,0.0,0.19996905780014396,0.07263860153211182,-0.12733045626803213,-0.007059717178344749,-0.00979244112968447,0.14294028282165527,0.14020755887031555,0.2475559562444687,0.4177955985069275,0.0,0.0,0.7000054717063904,0.8801116943359375,0.2794499397277832,0.29959219694137573,8.029544172188244
0.3,27,run_g0.3_s27.npz,True,True,False,False,False,True,True,False,False,False,False,False,0.7012987012987013,0.2831168831168831,0.0,0.0,0.19487323316954674,0.07182646961665462,-0.12304676355289212,0.01105389595031736,0.009827917814254739,0.16105389595031738,0.15982791781425476,0.22438059747219086,0.4024266302585602,0.0,0.0,0.7000070214271545,0.9125241041183472,0.26183968782424927,0.2999580502510071,8.234853517370173
0.3,29,run_g0.3_s29.npz,True,True,False,False,False,True,True,True,True,True,False,False,0.5822784810126582,0.28227848101265823,0.0,0.0,0.22246231595629196,0.04177059396221999,-0.18069172199407196,-0.011434125900268599,-0.000892603397369407,0.1385658740997313,0.14910739660263062,0.25753578543663025,0.5875560641288757,0.0,0.0,0.7000051140785217,1.0246827602386475,0.30412718653678894,0.29994267225265503,8.158122691230593
0.3,31,run_g0.3_s31.npz,True,True,False,False,False,True,True,False,False,False,False,False,0.6842105263157895,0.34210526315789475,0.0,0.0,0.21115519106766373,0.07577211730911215,-0.13538307375855158,0.029367452859878518,0.024815595149993874,0.17936745285987854,0.1748155951499939,0.2650522291660309,0.478119820356369,0.0,0.0,0.7000076770782471,0.9061373472213745,0.26409831643104553,0.29981017112731934,8.15179328009094
0.3,32,run_g0.3_s32.npz,True,True,False,False,False,True,True,False,False,False,False,False,0.6835443037974683,0.28607594936708863,0.0,0.0,0.22525308112893994,0.04553593395002831,-0.17971714717891163,0.016671365499496438,0.013757205009460427,0.16667136549949646,0.16375720500946045,0.2119428515434265,0.36864086985588074,0.0,0.0,0.7000056505203247,0.9315999746322632,0.2633630633354187,0.29949045181274414,8.333138437349184
0.3,36,run_g0.3_s36.npz,True,True,False,False,False,True,True,False,False,False,False,False,0.726027397260274,0.2821917808219178,0.0,0.0,0.16005800132585035,0.08926762557854445,-0.0707903757473059,0.04516244530677793,0.04245180487632749,0.19516244530677795,0.19245180487632751,0.22840338945388794,0.3856258690357208,0.0,0.0,0.7000054717063904,0.8277942538261414,0.21643458306789398,0.2999516725540161,7.824018027274815
0.3,37,run_g0.3_s37.npz,True,True,False,False,False,True,True,True,True,True,False,False,0.6794871794871795,0.27307692307692305,0.0,0.0,0.22597571231186214,0.04795536305668663,-0.17802034925517551,-0.014937305450439475,-0.01626514792442324,0.13506269454956055,0.13373485207557678,0.2444642037153244,0.4465515911579132,0.0,0.0,0.7000071406364441,0.9097744226455688,0.2786390781402588,0.2999705672264099,8.382444672842801
0.3,39,run_g0.3_s39.npz,True,True,False,False,False,True,True,False,False,False,False,False,0.65,0.2975,0.0,0.0125,0.2451945804385815,0.032791872328871374,-0.21240270810971013,0.018092250823974587,0.01581815481185911,0.1680922508239746,0.16581815481185913,0.2511999011039734,0.46887245774269104,0.0,0.0,0.7000072002410889,0.9288378953933716,0.26891452074050903,0.29999101161956787,8.52192300347253
0.3,40,run_g0.3_s40.npz,True,True,False,False,False,True,True,False,False,False,False,False,0.7432432432432432,0.33918918918918917,0.0,0.0,0.18661805366337358,0.1195237233271112,-0.06709433033626239,0.01680246591567991,0.015525406599044778,0.16680246591567993,0.1655254065990448,0.26205089688301086,0.44456183910369873,0.0,0.0,0.7000077366828918,0.8875903487205505,0.2966136038303375,0.2999424338340759,7.92001414590113
0.3,41,run_g0.3_s41.npz,True,True,False,False,False,True,True,True,True,True,False,False,0.6455696202531646,0.29620253164556964,0.0,0.0,0.24375154218381648,0.058757922329549295,-0.18499361985426718,-0.013691598176956199,-0.015619063377380393,0.13630840182304382,0.13438093662261963,0.25718316435813904,0.4513407349586487,0.0,0.0,0.7000060677528381,0.9563198089599609,0.279818058013916,0.29954153299331665,8.208483490697088
0.3,42,run_g0.3_s42.npz,True,True,False,False,False,True,True,True,True,True,False,False,0.6973684210526315,0.3118421052631579,0.0,0.0,0.21866331188396254,0.04425996957585554,-0.174403342308107,-0.013154917955398582,-0.014746153354644798,0.13684508204460144,0.13525384664535522,0.28988924622535706,0.5154874324798584,0.0,0.0,0.7000057101249695,0.9357280731201172,0.3000411093235016,0.2999672293663025,8.02597708249215
0.3,43,run_g0.3_s43.npz,True,True,False,False,False,True,True,True,True,True,False,False,0.6410256410256411,0.2846153846153846,0.0,0.0,0.19350819481463788,0.05787319285582787,-0.13563500195881,-0.014850044250488303,-0.015936011075973533,0.13514995574951172,0.1340639889240265,0.2181495726108551,0.38736698031425476,0.0,0.0,0.7000080943107605,0.8937726020812988,0.2674615979194641,0.2998886704444885,8.203480986090284
0.3,44,run_g0.3_s44.npz,True,True,False,False,False,True,True,True,True,True,False,False,0.6103896103896104,0.2714285714285714,0.0,0.0,0.1855176975179188,0.09326283829952187,-0.09225485921839693,-0.0010844707489013894,-0.0021153926849365456,0.14891552925109863,0.14788460731506348,0.22369936108589172,0.3908799886703491,0.0,0.0,0.7000061273574829,0.918406069278717,0.25795674324035645,0.2999154031276703,8.071960023510103
0.3,46,run_g0.3_s46.npz,True,True,False,False,False,True,True,False,False,False,False,False,0.6493506493506493,0.3155844155844156,0.0,0.0,0.18135080316973268,0.04084334127985412,-0.14050746188987856,0.04159799814224241,0.04056203961372373,0.19159799814224243,0.19056203961372375,0.22321860492229462,0.39040833711624146,0.0,0.0,0.7000068426132202,0.8527464866638184,0.24096375703811646,0.29978275299072266,8.218469425068914
0.3,48,run_g0.3_s48.npz,True,True,False,False,False,True,True,True,True,True,False,False,0.618421052631579,0.2868421052631579,0.0,0.0,0.18974291695136208,0.03732123727408243,-0.15242167967727965,-0.009203159809112571,-0.011068993806839011,0.14079684019088745,0.138931006193161,0.20639875531196594,0.35579442977905273,0.0,0.0,0.7000053524971008,0.914564311504364,0.29395973682403564,0.29996079206466675,7.971859452381574
0.3,49,run_g0.3_s49.npz,True,True,False,False,False,True,True,True,True,True,False,False,0.6538461538461539,0.30128205128205127,0.0,0.0,0.16418974827547683,0.08863597989246913,-0.0755537683830077,-0.04438726902008061,-0.013149881362915061,0.1056127309799193,0.13685011863708496,0.272397518157959,0.6362279653549194,0.0,0.0,0.7000047564506531,1.0197407007217407,0.26434263586997986,0.2983890473842621,7.906094478227555
0.3,51,run_g0.3_s51.npz,True,True,False,False,False,True,True,False,False,False,False,False,0.620253164556962,0.2936708860759494,0.0,0.0,0.22155367355075337,0.04642215958132678,-0.17513151396942658,0.014705455303192116,0.013222640752792336,0.16470545530319214,0.16322264075279236,0.24306869506835938,0.5565996170043945,0.0,0.0,0.7000051736831665,1.0282613039016724,0.31035587191581726,0.29892364144325256,8.155356842387778
0.3,54,run_g0.3_s54.npz,True,True,False,False,False,True,True,True,True,True,False,False,0.6794871794871795,0.2743589743589744,0.0,0.0,0.23696423500498176,0.04313095118975857,-0.1938332838152232,-0.009097898006439231,-0.011313641071319602,0.1409021019935608,0.13868635892868042,0.235284686088562,0.43105801939964294,0.0,0.0,0.7000064253807068,0.8797932863235474,0.2545888423919678,0.29960763454437256,8.389911824642306
0.3,57,run_g0.3_s57.npz,True,True,False,False,False,True,True,False,False,False,False,False,0.5974025974025974,0.2753246753246753,0.0,0.0,0.20259207678710878,0.03953013563146879,-0.16306194115564,0.01993051767349241,0.018221712112426736,0.16993051767349243,0.16822171211242676,0.23065660893917084,0.41039571166038513,0.0,0.0,0.70000821352005,0.8721016645431519,0.30372175574302673,0.29991841316223145,8.148234035378374
0.3,61,run_g0.3_s61.npz,True,True,False,False,False,True,True,True,True,True,False,False,0.6341463414634146,0.28780487804878047,0.0,0.0,0.24405799100922831,0.027393674003530155,-0.21666431700569816,-0.0010743677616119607,-0.003247255086898826,0.14892563223838806,0.1467527449131012,0.2267826497554779,0.4661303162574768,0.0,0.0,0.7000062465667725,1.0595577955245972,0.2841542065143585,0.29983511567115784,8.58597632009577
0.3,63,run_g0.3_s63.npz,True,True,False,False,False,True,True,False,False,False,False,False,0.589041095890411,0.3232876712328767,0.0,0.0,0.170695195150798,0.05217848688834997,-0.11851670826244803,0.03020161986351011,0.028368806838989236,0.18020161986351013,0.17836880683898926,0.25895974040031433,0.4292169213294983,0.0,0.0,0.7000068426132202,0.8690115809440613,0.26503801345825195,0.2999492585659027,7.662923220146064
0.3,64,run_g0.3_s64.npz,True,True,False,False,False,True,True,False,False,False,False,False,0.6973684210526315,0.32105263157894737,0.0,0.0,0.2203410792882488,0.10759978703578749,-0.11274129225246132,0.011062061786651589,0.006560182571411111,0.1610620617866516,0.15656018257141113,0.22526247799396515,0.38188499212265015,0.0,0.0,0.7000070810317993,0.8935688734054565,0.267757773399353,0.29995831847190857,7.999784971573801
0.3,65,run_g0.3_s65.npz,True,True,False,False,False,True,True,False,False,False,False,False,0.6623376623376623,0.2636363636363636,0.0,0.0,0.22392127417982705,0.038898079275941744,-0.1850231949038853,0.024171715974807717,0.022713875770568825,0.17417171597480774,0.17271387577056885,0.24723251163959503,0.446470707654953,0.0,0.0,0.7000067234039307,0.8895045518875122,0.25585001707077026,0.2999749183654785,8.316512631186212
0.3,68,run_g0.3_s68.npz,True,True,False,False,False,True,True,True,True,True,False,False,0.569620253164557,0.2936708860759494,0.0,0.0,0.26156834473048163,0.030848835521868623,-0.230719509208613,-0.024079227447509788,-0.024878793954849265,0.12592077255249023,0.12512120604515076,0.264616459608078,0.4667583405971527,0.0,0.0,0.7000077366828918,0.9827833771705627,0.32524803280830383,0.299905925989151,8.311592993599975
0.3,70,run_g0.3_s70.npz,True,True,False,False,False,True,True,False,False,False,False,False,0.6133333333333333,0.2826666666666667,0.0,0.0,0.20379598046030625,0.051389424820164786,-0.15240655564014147,0.004300779104232766,0.0019013047218322532,0.1543007791042328,0.15190130472183228,0.2866235077381134,0.5054019093513489,0.0,0.0,0.7000060081481934,0.9232146739959717,0.24916622042655945,0.2995081841945648,8.087707165691638
0.3,72,run_g0.3_s72.npz,True,True,False,False,False,True,True,False,False,False,False,False,0.7215189873417721,0.21772151898734177,0.0,0.0,0.23399003336199495,0.05371183819377007,-0.18027819516822488,0.017764574289321877,0.017353153228759743,0.1677645742893219,0.16735315322875977,0.20354221761226654,0.3647317588329315,0.0,0.0,0.7000061869621277,0.8451375365257263,0.29713332653045654,0.29967746138572693,8.470805848813482
0.3,73,run_g0.3_s73.npz,True,True,False,False,False,True,True,True,True,True,False,False,0.6375,0.2475,0.0,0.0,0.22733985831636658,0.030709694893110817,-0.19663016342325576,-0.01952382326126101,-0.02186536192893984,0.130476176738739,0.12813463807106018,0.20538456737995148,0.3765283226966858,0.0,0.0,0.700004518032074,0.8885173201560974,0.30571168661117554,0.29795825481414795,8.489559970987843
0.3,76,run_g0.3_s76.npz,True,True,False,False,False,True,True,False,False,False,False,False,0.6533333333333333,0.31066666666666665,0.0,0.0,0.18302676261454157,0.04633789251095538,-0.13668887010358619,0.003794586658477761,0.0026405215263366477,0.15379458665847778,0.15264052152633667,0.22728414833545685,0.38390815258026123,0.0,0.0,0.700004518032074,0.860540509223938,0.2516910433769226,0.29990237951278687,7.884950823291003
0.3,77,run_g0.3_s77.npz,True,True,False,False,False,True,True,True,True,True,False,False,0.6533333333333333,0.30533333333333335,0.0,0.0,0.2172341125214723,0.11844650946225249,-0.0987876030592198,-0.021621042490005515,-0.023095363378524802,0.1283789575099945,0.12690463662147522,0.24745391309261322,0.4090237319469452,0.0,0.0,0.7000070810317993,0.879961371421814,0.3023624122142792,0.2997649312019348,7.8860310731080485
0.3,79,run_g0.3_s79.npz,True,True,False,False,False,True,True,False,False,False,False,False,0.68,0.25733333333333336,0.0,0.0,0.1721611786865206,0.08003933377813433,-0.09212184490838626,0.010613685846328713,0.007044768333435036,0.16061368584632874,0.15704476833343506,0.24224676191806793,0.4181700050830841,0.0,0.0,0.7000048160552979,0.8807210326194763,0.29032230377197266,0.2997858226299286,7.948080703262942
0.3,80,run_g0.3_s80.npz,True,True,False,False,False,True,True,False,False,False,False,False,0.6363636363636364,0.2961038961038961,0.0,0.0,0.2244244165212673,0.045463952736694624,-0.17896046378457267,0.033633208274841286,0.03115749955177305,0.1836332082748413,0.18115749955177307,0.24823398888111115,0.4510890543460846,0.0,0.0,0.7000064849853516,0.9032415151596069,0.24245811998844147,0.29996857047080994,8.226152220803943
0.3,83,run_g0.3_s83.npz,True,True,False,False,False,True,True,False,False,False,False,False,0.7236842105263158,0.2868421052631579,0.0,0.0,0.15608666335848537,0.10101787571600335,-0.05506878764248202,0.003714001178741433,0.002946263551712014,0.15371400117874146,0.15294626355171204,0.21170975267887115,0.351736843585968,0.0,0.0,0.7000067234039307,0.8854969143867493,0.24723756313323975,0.29902181029319763,8.023404116062336
0.3,86,run_g0.3_s86.npz,True,True,False,False,False,True,True,False,False,False,False,False,0.6538461538461539,0.3038461538461538,0.0,0.0,0.17859087957125558,0.041480179154935015,-0.13711070041632056,0.07479584813117979,0.06998065710067747,0.2247958481311798,0.2199806571006775,0.20879869163036346,0.3597334027290344,0.0,0.0,0.7000062465667725,0.9271430969238281,0.21828621625900269,0.2999512553215027,8.206095857910373
0.3,88,run_g0.3_s88.npz,True,True,False,False,False,True,True,False,False,False,False,False,0.6666666666666666,0.28933333333333333,0.0,0.0,0.18970584382916508,0.060502997787012736,-0.12920284604215235,0.05476955175399778,0.05306703448295591,0.2047695517539978,0.20306703448295593,0.24641703069210052,0.4104255437850952,0.0,0.0,0.7000057101249695,0.8850151300430298,0.24612171947956085,0.2997667193412781,7.900319211202909
0.3,89,run_g0.3_s89.npz,True,True,False,False,False,True,True,False,False,True,False,False,0.6666666666666666,0.24871794871794872,0.0,0.0,0.2111014239247813,0.05744826774192008,-0.1536531561828612,0.0021000266075134055,-0.0010774374008178933,0.15210002660751343,0.14892256259918213,0.23233726620674133,0.4342201352119446,0.0,0.0,0.700006365776062,0.8870295286178589,0.28215116262435913,0.29992422461509705,8.358618172973319
0.5,4,run_g0.5_s4.npz,True,True,False,False,False,True,True,False,False,False,False,False,0.6,0.352,0.0,0.0,0.20871052038264418,0.04743387101032254,-0.16127664937232164,0.0043677151203155296,0.0027845263481139915,0.15436771512031555,0.152784526348114,0.32484033703804016,0.5729855298995972,0.0,0.0,0.7000055909156799,0.9489690661430359,0.2921956479549408,0.29996955394744873,7.94301182059624
0.5,6,run_g0.5_s6.npz,True,True,False,False,False,True,True,False,False,False,False,False,0.6875,0.2475,0.0,0.0,0.23233723583321877,0.01553406148542169,-0.21680317434779708,0.02318516969680784,0.02109498381614683,0.17318516969680786,0.17109498381614685,0.2553636133670807,0.476541131734848,0.0,0.0,0.700005292892456,0.9069369435310364,0.27853885293006897,0.29997119307518005,8.65519783086828
0.5,7,run_g0.5_s7.npz,True,True,False,False,False,True,True,False,False,True,False,False,0.569620253164557,0.26962025316455696,0.0,0.0,0.22773623855307687,0.03032264346697605,-0.19741359508610082,0.0020909070968627708,-0.0012404561042785867,0.1520909070968628,0.14875954389572144,0.21810314059257507,0.40765178203582764,0.0,0.0,0.7000058889389038,0.8543598055839539,0.288341760635376,0.2991523742675781,8.489574149616809
0.5,10,run_g0.5_s10.npz,True,True,False,False,False,True,True,True,True,True,False,False,0.618421052631579,0.32763157894736844,0.0,0.0,0.25207515385445767,0.01936556741912754,-0.23270958643533016,-0.0044414937496185525,-0.007058882713317893,0.14555850625038147,0.14294111728668213,0.29805850982666016,0.5162460803985596,0.0,0.0,0.7000060677528381,0.9260517954826355,0.33283576369285583,0.29994431138038635,7.969216601732162
0.5,11,run_g0.5_s11.npz,True,True,False,False,False,True,True,True,True,True,False,False,0.6447368421052632,0.30526315789473685,0.0,0.0,0.19535278120241856,0.027107654969083794,-0.16824512623333476,-0.016437196731567405,-0.01825835704803469,0.13356280326843262,0.13174164295196533,0.24121859669685364,0.4446582794189453,0.0,0.0,0.700005829334259,0.9355054497718811,0.31678110361099243,0.2999492585659027,7.8603783869843005
0.5,14,run_g0.5_s14.npz,True,True,False,False,False,True,True,True,True,True,False,False,0.618421052631579,0.27631578947368424,0.0,0.0,0.24684302967725727,0.03799769544316234,-0.20884533423409493,-0.0198217570781708,-0.02016996741294863,0.13017824292182922,0.1298300325870514,0.29764875769615173,0.5203688144683838,0.0,0.0,0.7000082731246948,0.9568421840667725,0.2864159047603607,0.29989346861839294,7.987877726095727
0.5,16,run_g0.5_s16.npz,True,True,False,False,False,True,True,True,True,True,False,False,0.6493506493506493,0.3,0.0,0.0,0.2518521291138917,0.05942904122241249,-0.19242308789147922,-0.033807390928268455,-0.03419836759567263,0.11619260907173157,0.11580163240432739,0.2596057057380676,0.46823370456695557,0.0,0.0,0.7000073790550232,0.9178785681724548,0.3054307699203491,0.2999502122402191,8.130337555876968
0.5,19,run_g0.5_s19.npz,True,True,False,False,False,True,True,True,True,True,False,False,0.5569620253164557,0.2772151898734177,0.0,0.0,0.23968738883175789,0.021778170835755672,-0.2179092179960022,-0.004252249002456687,-0.006518357992172263,0.14574775099754333,0.14348164200782776,0.26086899638175964,0.47935986518859863,0.0,0.0,0.700006365776062,0.9072046279907227,0.2875538468360901,0.2999661862850189,8.342705970116395
0.5,20,run_g0.5_s20.npz,True,True,False,False,False,True,True,False,False,False,False,False,0.581081081081081,0.3054054054054054,0.0,0.0,0.22141487807533813,0.03345142355229658,-0.18796345452304156,0.011937922239303567,0.008452093601226784,0.1619379222393036,0.1584520936012268,0.3168381154537201,0.5588770508766174,0.0,0.0,0.7000073194503784,0.9586437344551086,0.2832548916339874,0.2999492287635803,7.928078433307298
0.5,21,run_g0.5_s21.npz,True,True,False,False,False,True,True,True,True,True,False,False,0.5733333333333334,0.31333333333333335,0.0,0.0,0.21511193408976867,0.06191687289750397,-0.1531950611922647,-0.005712026357650779,-0.006974720954895042,0.14428797364234924,0.14302527904510498,0.2624695897102356,0.45223841071128845,0.0,0.0,0.7000054121017456,0.8748988509178162,0.29731640219688416,0.2998213768005371,7.875953543323974
0.5,23,run_g0.5_s23.npz,True,True,False,False,False,True,True,True,True,True,False,False,0.5512820512820513,0.3076923076923077,0.0,0.0,0.22428185137419013,0.012173574135711185,-0.21210827723847894,-0.04101344347000124,-0.041535967588424705,0.10898655652999878,0.10846403241157532,0.26537278294563293,0.5178527235984802,0.0,0.0,0.7000073790550232,0.9649245738983154,0.3373270034790039,0.29977020621299744,8.04738374054783
0.5,24,run_g0.5_s24.npz,True,True,False,False,False,True,True,True,True,True,False,False,0.6753246753246753,0.22727272727272727,0.0,0.0,0.2207402148874705,0.04662147146410894,-0.17411874342336156,-0.0006579101085663064,-0.00258641839027407,0.14934208989143372,0.14741358160972595,0.27385807037353516,0.5014933347702026,0.0,0.0,0.700005829334259,0.9209426641464233,0.28103435039520264,0.2998589873313904,8.309966564004865
0.5,28,run_g0.5_s28.npz,True,True,False,False,False,True,True,True,True,True,False,False,0.5733333333333334,0.328,0.0,0.0,0.2207332677418156,0.07106335277717263,-0.14966991496464296,-0.030851954221725486,-0.03223218917846682,0.11914804577827454,0.1177678108215332,0.30668947100639343,0.4962957799434662,0.0,0.0,0.7000072598457336,0.9069870710372925,0.285846471786499,0.29996952414512634,7.74049681276887
0.5,31,run_g0.5_s31.npz,True,True,False,False,False,True,True,False,False,False,False,False,0.56,0.3626666666666667,0.0,0.0,0.20874911192543008,0.059365612917558486,-0.1493834990078716,0.0060187935829162376,0.004724359512329079,0.15601879358291626,0.1547243595123291,0.29765281081199646,0.5345306992530823,0.0,0.0,0.7000076770782471,0.9295939207077026,0.24807967245578766,0.29981017112731934,8.015604540603256
0.5,32,run_g0.5_s32.npz,True,True,False,False,False,True,True,True,True,True,False,False,0.5921052631578947,0.3263157894736842,0.0,0.0,0.20363820731111784,0.01948954891117466,-0.18414865839994318,-0.022449308633804343,-0.026022160053253196,0.12755069136619568,0.12397783994674683,0.26158615946769714,0.4693410396575928,0.0,0.0,0.7000051140785217,0.892835259437561,0.31319156289100647,0.2993260324001312,8.186033490076698
0.5,36,run_g0.5_s36.npz,True,True,False,False,False,True,True,True,True,True,False,False,0.6025641025641025,0.30256410256410254,0.0,0.0,0.20067048733347878,0.04170083035644506,-0.15896965697703372,-0.02391003966331484,-0.025879287719726585,0.12608996033668518,0.12412071228027344,0.21881985664367676,0.40875503420829773,0.0,0.0,0.700005829334259,0.9468963742256165,0.2962346374988556,0.2999516725540161,8.163491294436929
0.5,42,run_g0.5_s42.npz,True,True,False,False,False,True,True,True,True,True,False,False,0.5733333333333334,0.32266666666666666,0.0,0.0,0.21110260408262815,0.030398662616929417,-0.18070394146569874,-0.038731181621551536,-0.039202415943145774,0.11126881837844849,0.11079758405685425,0.3092257082462311,0.5472843647003174,0.0,0.0,0.7000057101249695,0.9442156553268433,0.29384055733680725,0.2999672293663025,7.937370705579079
0.5,43,run_g0.5_s43.npz,True,True,False,False,False,True,True,True,True,True,False,False,0.5540540540540541,0.3364864864864865,0.0,0.0,0.19566475176273435,0.03440044984076096,-0.16126430192197339,-0.013949477672576927,-0.015525335073471092,0.1360505223274231,0.13447466492652893,0.2882048189640045,0.5578627586364746,0.0,0.0,0.7000080943107605,0.9133886694908142,0.3193162679672241,0.2998886704444885,7.504608727017896
0.5,44,run_g0.5_s44.npz,True,True,False,False,False,True,True,False,False,False,False,False,0.5512820512820513,0.29102564102564105,0.0,0.0,0.19891076615388992,0.01458745673816464,-0.18432330941572528,0.008298313617706277,0.005687779188156106,0.1582983136177063,0.15568777918815613,0.23048637807369232,0.41863304376602173,0.0,0.0,0.7000061273574829,0.9917395114898682,0.24273963272571564,0.2999154031276703,8.20716056466535
0.5,46,run_g0.5_s46.npz,True,True,False,False,False,True,True,True,True,True,False,False,0.7,0.28125,0.0,0.0,0.18356234462658375,0.020894259307795704,-0.16266808531878804,-0.016797447204589866,-0.018082791566848777,0.13320255279541016,0.13191720843315125,0.21810226142406464,0.4058903455734253,0.0,0.0,0.7000068426132202,0.8947141766548157,0.2934532165527344,0.29978275299072266,8.61901423559438
0.5,49,run_g0.5_s49.npz,True,True,False,False,False,True,True,True,True,True,False,False,0.5454545454545454,0.3077922077922078,0.012987012987012988,0.0,0.17617317233751242,0.023684868466348652,-0.15248830387116377,-0.035104626417160056,-0.035414868593215965,0.11489537358283997,0.11458513140678406,0.26368248462677,0.45115426182746887,0.0,0.0,0.7000056505203247,0.966508686542511,0.3139202892780304,0.2991843819618225,7.99434055051722
0.5,53,run_g0.5_s53.npz,True,True,False,False,False,True,True,True,True,True,False,False,0.6025641025641025,0.3230769230769231,0.0,0.0,0.21203911960362898,0.031826851170758674,-0.1802122684328703,-0.00915002226829531,-0.010093384981155418,0.1408499777317047,0.1399066150188446,0.2502627968788147,0.43696197867393494,0.0,0.0,0.7000064849853516,0.8887795805931091,0.289429634809494,0.2998929023742676,8.155587074384075
0.5,54,run_g0.5_s54.npz,True,True,False,False,False,True,True,True,True,True,False,False,0.6266666666666667,0.37733333333333335,0.0,0.0,0.22899381392493268,0.014855336035915212,-0.21413847788901746,-0.0041526496410370095,-0.007096284627914451,0.145847350358963,0.14290371537208557,0.27702200412750244,0.48050737380981445,0.0,0.0,0.7000064253807068,0.9025537967681885,0.3301844000816345,0.2999637722969055,8.044656992443056
0.5,55,run_g0.5_s55.npz,True,True,False,False,False,True,True,False,False,False,False,False,0.5974025974025974,0.32597402597402597,0.0,0.0,0.21930139075419636,0.013680819572846503,-0.20562057118134985,0.014194971323013283,0.010975098609924294,0.1641949713230133,0.16097509860992432,0.2574208378791809,0.46284425258636475,0.0,0.0,0.7000055909156799,0.8961178064346313,0.3026787042617798,0.29973548650741577,8.16216521996152
0.5,57,run_g0.5_s57.npz,True,True,False,False,False,True,True,False,False,False,False,False,0.6133333333333333,0.2946666666666667,0.0,0.0,0.1869536711160237,0.028219478859825287,-0.15873419225619842,0.008914089202880837,0.007231658697128274,0.15891408920288086,0.1572316586971283,0.27476462721824646,0.5009323954582214,0.0,0.0,0.70000821352005,0.9106822609901428,0.26894405484199524,0.29991841316223145,8.247214130274234
0.5,59,run_g0.5_s59.npz,True,True,False,False,False,True,True,False,False,False,False,False,0.6756756756756757,0.2851351351351351,0.0,0.0,0.1957268561588941,0.04515603402437679,-0.1505708221345173,0.01863650083541868,0.01617825627326963,0.1686365008354187,0.16617825627326965,0.2658388018608093,0.44674205780029297,0.0,0.0,0.700007438659668,0.8855165243148804,0.2884542644023895,0.2999556362628937,7.821319923636362
0.5,61,run_g0.5_s61.npz,True,True,False,False,False,True,True,False,False,False,False,False,0.569620253164557,0.2936708860759494,0.0,0.0,0.21346628642492735,0.014367788006462712,-0.19909849841846464,0.010629659891128518,0.009621834754943825,0.16062965989112854,0.15962183475494385,0.21054396033287048,0.3868695795536041,0.0,0.0,0.7000062465667725,0.9140646457672119,0.28747695684432983,0.29983511567115784,8.434587487035683
0.5,64,run_g0.5_s64.npz,True,True,False,False,False,True,True,False,False,False,False,False,0.72,0.2786666666666667,0.0,0.0,0.18711096130962418,0.08442063544617523,-0.10269032586344895,0.04648337364196775,0.04293445348739622,0.19648337364196777,0.19293445348739624,0.23890215158462524,0.4148138165473938,0.0,0.0,0.7000070810317993,0.8641067147254944,0.2382621169090271,0.29973945021629333,8.087043407028576
0.5,65,run_g0.5_s65.npz,True,True,False,False,False,True,True,True,True,True,False,False,0.5263157894736842,0.33289473684210524,0.0,0.0,0.2090477845678068,0.020511044569197612,-0.18853673999860918,-0.022483700513839744,-0.022917503118515037,0.12751629948616028,0.12708249688148499,0.3045719563961029,0.551589846611023,0.0,0.0,0.7000067234039307,0.9357798099517822,0.29337015748023987,0.2998831272125244,8.12113913562971
0.5,70,run_g0.5_s70.npz,True,True,False,False,False,True,True,False,False,False,False,False,0.581081081081081,0.31891891891891894,0.0,0.0,0.19162073329052132,0.025084189876598106,-0.1665365434139232,0.023006117343902566,0.020781284570693948,0.1730061173439026,0.17078128457069397,0.3186613917350769,0.5664238333702087,0.0,0.0,0.7000057697296143,0.9532855749130249,0.25392234325408936,0.2995081841945648,7.9204967293400115
0.5,71,run_g0.5_s71.npz,True,True,False,False,False,True,True,True,True,True,False,False,0.5802469135802469,0.2938271604938272,0.0,0.0,0.24760203342512013,0.022172866357226817,-0.22542916706789332,-0.0431483328342438,-0.04713901281356814,0.10685166716575623,0.10286098718643188,0.2380363941192627,0.4352159798145294,0.0,0.0,0.7000066637992859,1.010352373123169,0.3308011591434479,0.2995615303516388,8.526991783665435
0.5,74,run_g0.5_s74.npz,True,True,False,False,False,True,True,True,True,True,False,False,0.5921052631578947,0.32105263157894737,0.0,0.0,0.2203106064450948,0.013899719698201585,-0.2064108867468932,-0.0021623313426971658,-0.005074226856231712,0.14783766865730286,0.1449257731437683,0.2676084041595459,0.4682270884513855,0.0,0.0,0.7000063061714172,0.8883047103881836,0.2985896170139313,0.2983807325363159,8.09226803589024
0.5,76,run_g0.5_s76.npz,True,True,False,False,False,True,True,True,True,True,False,False,0.6266666666666667,0.316,0.0,0.0,0.18258290864689167,0.026397477061371966,-0.1561854315855197,-0.006397300958633445,-0.008499437570571922,0.14360269904136658,0.1415005624294281,0.28142938017845154,0.47202447056770325,0.0,0.0,0.700004518032074,0.8917903304100037,0.30665120482444763,0.29990237951278687,7.82448111928478
0.5,79,run_g0.5_s79.npz,True,True,False,False,False,True,True,False,False,False,False,False,0.5866666666666667,0.3333333333333333,0.0,0.0,0.18137746137482025,0.05092987566901602,-0.13044758570580423,0.015996223688125588,0.015045082569122292,0.1659962236881256,0.16504508256912231,0.284732848405838,0.47909727692604065,0.0,0.0,0.7000060081481934,0.8985671401023865,0.286690354347229,0.2997858226299286,7.816668801732701
0.5,81,run_g0.5_s81.npz,True,True,False,False,False,True,True,True,True,True,False,False,0.5769230769230769,0.2833333333333333,0.0,0.0,0.1918056182664461,0.02549781973049975,-0.16630779853594635,-0.017386996746063255,-0.019323968887329124,0.13261300325393677,0.1306760311126709,0.25054022669792175,0.5009292960166931,0.0,0.0,0.7000061869621277,0.9510653018951416,0.3337699770927429,0.29909181594848633,8.076728567523114
0.5,82,run_g0.5_s82.npz,True,True,False,False,False,True,True,True,True,True,False,False,0.7662337662337663,0.3207792207792208,0.0,0.0,0.21802757718738508,0.07379798722931191,-0.14422958995807317,-0.00014495253562929467,-0.002284848690032981,0.14985504746437073,0.14771515130996704,0.27828991413116455,0.4949512183666229,0.0,0.0,0.7000064253807068,0.9263424873352051,0.27832093834877014,0.299988329410553,8.330800957625849
0.5,83,run_g0.5_s83.npz,True,True,False,False,False,True,True,True,True,True,False,False,0.52,0.33866666666666667,0.0,0.0,0.18006489376474777,0.019352193147981422,-0.16071270061676635,-0.01975046992301943,-0.020826333761215232,0.1302495300769806,0.1291736662387848,0.27628016471862793,0.4528326392173767,0.0,0.0,0.7000067234039307,0.8981953263282776,0.29897117614746094,0.29902181029319763,7.764642519347727
0.5,87,run_g0.5_s87.npz,True,True,False,False,False,True,True,True,True,True,False,False,0.6410256410256411,0.29102564102564105,0.0,0.0,0.19268978097772108,0.06165212639706713,-0.13103765458065395,-0.015652114152908347,-0.016616904735565208,0.13434788584709167,0.13338309526443481,0.2027861475944519,0.35723280906677246,0.0,0.0,0.7000057101249695,0.8681601881980896,0.2845465838909149,0.29984715580940247,8.240428457960716
0.5,88,run_g0.5_s88.npz,True,True,False,False,False,True,True,True,True,True,False,False,0.6923076923076923,0.3,0.0,0.0,0.22506421770679097,0.04978866370504387,-0.1752755540017471,-0.0065346896648407204,-0.009421759843826316,0.1434653103351593,0.1405782401561737,0.2706459164619446,0.5346753597259521,0.0,0.0,0.7000051736831665,0.9685652852058411,0.2846979796886444,0.2997667193412781,8.037269941605864
0.5,90,run_g0.5_s90.npz,True,True,False,False,False,True,True,False,False,False,False,False,0.6282051282051282,0.30512820512820515,0.0,0.0,0.2259085095324405,0.02293321336365084,-0.20297529616878965,0.006950145959854104,0.005639529228210427,0.15695014595985413,0.15563952922821045,0.26495301723480225,0.48153188824653625,0.0,0.0,0.7000055313110352,0.9288808703422546,0.28272780776023865,0.2994396686553955,8.285315447610087
0.5,93,run_g0.5_s93.npz,True,True,False,False,False,True,True,True,True,True,False,False,0.6447368421052632,0.3263157894736842,0.0,0.0,0.20213247506300502,0.04698668176211834,-0.15514579330088668,-0.00448536276817324,-0.004849100112915061,0.14551463723182678,0.14515089988708496,0.22737981379032135,0.41065722703933716,0.0,0.0,0.7000059485435486,0.8661215901374817,0.25891998410224915,0.2999679148197174,8.19452005464691
0.5,96,run_g0.5_s96.npz,True,True,False,False,False,True,True,True,True,True,False,False,0.6533333333333333,0.3,0.0,0.0,0.1933082044705512,0.06883682157825671,-0.12447138289229448,-0.010086053609848045,-0.0138366758823395,0.13991394639015198,0.13616332411766052,0.23306328058242798,0.3985482454299927,0.0,0.0,0.7000067234039307,0.851516604423523,0.28625261783599854,0.2999638319015503,7.962470590526415
0.5,98,run_g0.5_s98.npz,True,True,False,False,False,True,True,True,True,True,False,False,0.5897435897435898,0.32051282051282054,0.0,0.0,0.25057192450193366,0.018588111253990125,-0.23198381324794354,-0.02772151827812197,-0.02844723463058474,0.12227848172187805,0.12155276536941528,0.2898077070713043,0.5373398065567017,0.0,0.0,0.7000066041946411,0.9572542309761047,0.30979546904563904,0.29991424083709717,8.131167544831328
0.5,100,run_g0.5_s100.npz,True,True,False,False,False,True,True,True,True,True,False,False,0.6052631578947368,0.2736842105263158,0.0,0.0,0.2430755226040346,0.03972276757367138,-0.2033527550303632,-0.010297828912735008,-0.013263934850692771,0.13970217108726501,0.13673606514930725,0.2668266296386719,0.47964611649513245,0.0,0.0,0.700005829334259,0.9032893180847168,0.290117084980011,0.29976391792297363,8.151639943258811
0.5,105,run_g0.5_s105.npz,True,True,False,False,False,True,True,True,True,True,False,False,0.6621621621621622,0.31351351351351353,0.0,0.0,0.1732197347267273,0.06988571664322579,-0.10333401808350151,-0.0023848056793213113,-0.004129046201705955,0.1476151943206787,0.14587095379829407,0.21630984544754028,0.3740006685256958,0.0,0.0,0.7000063061714172,0.8220944404602051,0.25954803824424744,0.29976463317871094,7.945795201581022
0.5,111,run_g0.5_s111.npz,True,True,False,False,False,True,True,True,True,True,False,False,0.5466666666666666,0.3253333333333333,0.0,0.0,0.21406313909175792,0.047757754109947204,-0.16630538498181072,-0.006723219156265281,-0.009829336404800437,0.14327678084373474,0.14017066359519958,0.24322213232517242,0.43570348620414734,0.0,0.0,0.700005054473877,0.8749467730522156,0.2898472547531128,0.29995179176330566,8.04498298908563
0.5,113,run_g0.5_s113.npz,True,True,False,False,False,True,True,False,False,False,False,False,0.6533333333333333,0.32266666666666666,0.0,0.0,0.16931462587408969,0.07743766255819484,-0.09187696331589484,0.02095619440078733,0.01944777965545652,0.17095619440078735,0.16944777965545654,0.21737834811210632,0.39389312267303467,0.0,0.0,0.7000052332878113,0.9390484690666199,0.2846490144729614,0.29964691400527954,7.809084248597227
0.5,114,run_g0.5_s114.npz,True,True,False,False,False,True,True,True,True,True,False,False,0.5714285714285714,0.2974025974025974,0.0,0.0,0.2150726503486048,0.05588719796113506,-0.15918545238746973,-0.009410345554351829,-0.011168891191482566,0.1405896544456482,0.13883110880851746,0.27730342745780945,0.48900306224823,0.0,0.0,0.7000047564506531,0.9108434915542603,0.2760641276836395,0.29995062947273254,8.07239684465988
0.5,115,run_g0.5_s115.npz,True,True,False,False,False,True,True,False,False,False,False,False,0.6375,0.305,0.0,0.0,0.22553541382359313,0.04309063451687828,-0.18244477930671485,0.0049270153045654075,0.002874737977981545,0.15492701530456543,0.15287473797798157,0.26677781343460083,0.4794372618198395,0.0,0.0,0.7000059485435486,0.9689996242523193,0.25929346680641174,0.29993516206741333,8.336295839050175
0.5,119,run_g0.5_s119.npz,True,True,False,False,False,True,True,True,True,True,False,False,0.6296296296296297,0.29506172839506173,0.0,0.0,0.23246547857980684,0.011080916344145653,-0.2213845622356612,-0.01574867367744448,-0.017722004652023338,0.13425132632255554,0.13227799534797668,0.2101874053478241,0.39577221870422363,0.0,0.0,0.7000055313110352,0.9057167172431946,0.29466766119003296,0.29996031522750854,8.661182064506846
1.0,1,run_g1_s1.npz,True,True,False,False,False,True,True,True,True,True,False,False,0.56,0.3466666666666667,0.0,0.0,0.20523517248984563,0.004866909098011907,-0.20036826339183372,-0.03628557324409487,-0.037231826782226585,0.11371442675590515,0.11276817321777344,0.26474690437316895,0.45899075269699097,0.0,0.0,0.7000055313110352,0.8791621923446655,0.31855058670043945,0.29911231994628906,7.897300660467067
1.0,2,run_g1_s2.npz,True,True,False,False,False,True,True,True,True,True,False,False,0.6103896103896104,0.2714285714285714,0.0,0.0,0.21972439622666254,0.052621647946783756,-0.16710274827987878,-0.026496344804763816,-0.026881837844848655,0.1235036551952362,0.12311816215515137,0.25282126665115356,0.46593549847602844,0.0,0.0,0.700007975101471,0.9073590636253357,0.28375279903411865,0.2999154031276703,8.289386318266276
1.0,4,run_g1_s4.npz,True,True,False,False,False,True,True,False,False,False,False,False,0.5675675675675675,0.3621621621621622,0.0,0.0,0.19426235998664787,0.003873266267296449,-0.19038909371935142,0.007227188348770119,0.006075507402420022,0.15722718834877014,0.15607550740242004,0.3363944888114929,0.6002477407455444,0.0,0.0,0.7000055909156799,0.9547008275985718,0.2848392426967621,0.29996955394744873,8.001097685550448
1.0,11,run_g1_s11.npz,True,True,False,False,False,True,True,True,True,True,False,False,0.5342465753424658,0.33972602739726027,0.0,0.0,0.181843211416915,0.013425270420001634,-0.16841794099691337,-0.0020163297653198464,-0.004674637317657493,0.14798367023468018,0.14532536268234253,0.28841957449913025,0.4882528781890869,0.0,0.0,0.700005829334259,0.8831545114517212,0.300588995218277,0.2999492585659027,7.631105573588854
1.0,19,run_g1_s19.npz,True,True,False,False,False,True,True,False,False,False,False,False,0.5616438356164384,0.3493150684931507,0.0,0.0,0.2063418690984626,0.030574271247692297,-0.1757675978507703,0.01009867191314695,0.008564567565917947,0.16009867191314697,0.15856456756591797,0.3342725932598114,0.556454598903656,0.0,0.0,0.700006365776062,0.9374924898147583,0.3130030333995819,0.2999661862850189,7.62908689566766
1.0,21,run_g1_s21.npz,True,True,False,False,False,True,True,True,True,True,False,False,0.631578947368421,0.3,0.0,0.0,0.23720363319031018,0.060419149546706186,-0.176784483643604,-0.011569136381149314,-0.012922608852386497,0.1384308636188507,0.13707739114761353,0.25460588932037354,0.45726191997528076,0.0,0.0,0.7000054121017456,0.924251139163971,0.2788250148296356,0.2998213768005371,8.120644520691197
1.0,23,run_g1_s23.npz,True,True,False,False,False,True,True,True,True,True,False,False,0.6103896103896104,0.3194805194805195,0.0,0.0,0.22598839768918952,0.01749384165653367,-0.20849455603265585,-0.03689174652099614,-0.03965645432472231,0.11310825347900377,0.11034354567527771,0.27805742621421814,0.5798739194869995,0.0,0.0,0.7000073790550232,1.0302494764328003,0.3224126994609833,0.29906895756721497,7.928804365217402
1.0,24,run_g1_s24.npz,True,True,False,False,False,True,True,False,False,False,False,False,0.6052631578947368,0.29342105263157897,0.0,0.0,0.21859422131572298,0.028350110176002807,-0.19024411113972017,0.012051111459732033,0.009083724021911599,0.16205111145973206,0.15908372402191162,0.28176349401474,0.49715399742126465,0.0,0.0,0.700005829334259,0.927219808101654,0.28444600105285645,0.2998589873313904,8.004055739310855
1.0,26,run_g1_s26.npz,True,True,False,False,False,True,True,True,True,True,False,False,0.5866666666666667,0.304,0.0,0.0,0.19260321328205696,0.0038412133933249937,-0.18876199988873196,-0.019996786117553733,-0.022063428163528465,0.1300032138824463,0.12793657183647156,0.28174689412117004,0.4753197729587555,0.0,0.0,0.7000054121017456,0.8998546004295349,0.31024712324142456,0.29959219694137573,7.874916446594669
1.0,28,run_g1_s28.npz,True,True,False,False,False,True,True,True,True,True,False,False,0.5616438356164384,0.37945205479452054,0.0,0.0,0.20998892128816085,0.05512290996966429,-0.15486601131849656,-0.016754412651062034,-0.018515729904174827,0.133245587348938,0.1314842700958252,0.3203475773334503,0.538174569606781,0.0,0.0,0.7000072598457336,0.9157049655914307,0.2717913091182709,0.29996952414512634,7.667796568195626
1.0,31,run_g1_s31.npz,True,True,False,False,False,True,True,True,True,True,False,False,0.5753424657534246,0.3506849315068493,0.0,0.0,0.19750296408415655,0.03705862081969369,-0.16044434326446286,-0.0015583574771881326,-0.002345198392868064,0.1484416425228119,0.14765480160713196,0.34341880679130554,0.6019745469093323,0.0,0.0,0.7000076770782471,0.9537311792373657,0.2672322392463684,0.29981017112731934,7.745082890796281
1.0,32,run_g1_s32.npz,True,True,False,False,False,True,True,True,True,True,False,False,0.6133333333333333,0.316,0.0,0.0,0.19237582203668613,0.0035158087776963054,-0.18886001325898982,-0.018311673402786277,-0.020490849018096946,0.13168832659721375,0.12950915098190308,0.29645830392837524,0.4933294355869293,0.0,0.0,0.7000051140785217,0.8983252048492432,0.3363843560218811,0.2993260324001312,7.784208895807673
1.0,34,run_g1_s34.npz,True,True,False,False,False,True,True,False,False,False,False,False,0.6363636363636364,0.312987012987013,0.0,0.0,0.19924201958619928,0.021418166636771763,-0.1778238529494275,0.034224307537078835,0.03088734149932859,0.18422430753707886,0.1808873414993286,0.27185553312301636,0.4819408357143402,0.0,0.0,0.7000054717063904,0.9127203822135925,0.24161970615386963,0.29996874928474426,8.149068348794398
1.0,38,run_g1_s38.npz,True,True,False,False,False,True,True,False,False,True,False,False,0.5921052631578947,0.29605263157894735,0.0,0.0,0.21863899333078107,0.04817175571134236,-0.17046723761943872,0.0031616747379302756,-7.014870643617943e-05,0.1531616747379303,0.14992985129356384,0.2841682434082031,0.5054253935813904,0.0,0.0,0.7000074982643127,0.9300906658172607,0.2825791835784912,0.2999492585659027,7.996948782576909
1.0,39,run_g1_s39.npz,True,True,False,False,False,True,True,True,True,True,False,False,0.6363636363636364,0.2584415584415584,0.0,0.0,0.20693779242636715,0.0031115607276709922,-0.20382623169869615,-0.003100240230560325,-0.003858381509780906,0.1468997597694397,0.14614161849021912,0.29390570521354675,0.542713463306427,0.0,0.0,0.7000072002410889,0.9525843262672424,0.28463485836982727,0.29998502135276794,8.346560815844914
1.0,42,run_g1_s42.npz,True,True,False,False,False,True,True,True,True,True,False,False,0.5675675675675675,0.36486486486486486,0.0,0.0,0.20417467709688386,0.037698210950495026,-0.16647646614638884,-0.020487630367279075,-0.021302306652069114,0.12951236963272095,0.1286976933479309,0.3334464430809021,0.5731585621833801,0.0,0.0,0.7000057101249695,0.953125536441803,0.287125825881958,0.2999672293663025,7.726654769995912
1.0,43,run_g1_s43.npz,True,True,False,False,False,True,True,True,True,True,False,False,0.5945945945945946,0.37432432432432433,0.0,0.0,0.1851168980983928,0.011039962090931443,-0.17407693600746135,-0.03488021492958071,-0.036186867952346824,0.11511978507041931,0.1138131320476532,0.30012020468711853,0.49446091055870056,0.0,0.0,0.7000080943107605,0.8803314566612244,0.3150675892829895,0.2998886704444885,7.601921209676256
1.0,47,run_g1_s47.npz,True,True,False,False,False,True,True,True,True,True,False,False,0.5714285714285714,0.3038961038961039,0.0,0.0,0.19895461356088365,0.0036896044711308695,-0.19526500908975278,-0.033086591958999656,-0.034448498487472556,0.11691340804100037,0.11555150151252747,0.26705431938171387,0.47387146949768066,0.0,0.0,0.7000066637992859,0.8885512948036194,0.3037465214729309,0.29995042085647583,8.134566889152218
1.0,52,run_g1_s52.npz,True,True,False,False,False,True,True,True,True,True,False,False,0.6216216216216216,0.3108108108108108,0.0,0.0,0.23130771047211954,0.05024592436750602,-0.18106178610461351,-0.007117325067520164,-0.009094828367233299,0.14288267493247986,0.14090517163276672,0.32514429092407227,0.5782919526100159,0.0,0.0,0.7000058889389038,0.9612882137298584,0.27947989106178284,0.2999154031276703,7.893473913685386
1.0,53,run_g1_s53.npz,True,True,False,False,False,True,True,True,True,True,False,False,0.631578947368421,0.3618421052631579,0.0,0.0,0.1894763679955725,0.003946823636992169,-0.18552954435858032,-0.011353695392608665,-0.012270236015319846,0.13864630460739136,0.13772976398468018,0.2978171110153198,0.519652247428894,0.0,0.0,0.7000064849853516,0.926018238067627,0.27544668316841125,0.2998929023742676,7.98414643586588
1.0,59,run_g1_s59.npz,True,True,False,False,False,True,True,False,False,False,False,False,0.6216216216216216,0.3081081081081081,0.0,0.0,0.21483126783145914,0.0534799906940886,-0.16135127713737055,0.03231621384620664,0.030476814508438088,0.18231621384620667,0.1804768145084381,0.2611452639102936,0.44693154096603394,0.0,0.0,0.700007438659668,0.8855165243148804,0.2837989330291748,0.2999556362628937,7.877367937256219
1.0,61,run_g1_s61.npz,True,True,False,False,False,True,True,True,True,True,False,False,0.5135135135135135,0.3554054054054054,0.0,0.0,0.18129701271974102,0.00628317807425699,-0.17501383464548403,-0.018442445993423484,-0.019130015373230003,0.13155755400657654,0.13086998462677002,0.27395516633987427,0.5442152619361877,0.0,0.0,0.7000062465667725,0.9697367548942566,0.3286164700984955,0.29983511567115784,7.618540966502706
1.0,62,run_g1_s62.npz,True,True,False,False,False,True,True,False,False,False,False,False,0.589041095890411,0.33835616438356164,0.0,0.0,0.22859734929412268,0.05025196198668036,-0.17834538730744232,0.0030891358852386253,0.001989340782165505,0.15308913588523865,0.15198934078216553,0.2951050400733948,0.5062744617462158,0.0,0.0,0.7000049948692322,0.9119811654090881,0.32316887378692627,0.2997308373451233,7.765179075679336
1.0,63,run_g1_s63.npz,True,True,False,False,False,True,True,True,True,True,False,False,0.6233766233766234,0.3116883116883117,0.0,0.0,0.20509478718741847,0.0075464810763393175,-0.19754830611107915,-0.016314768791198753,-0.017881208658218406,0.13368523120880127,0.13211879134178162,0.24107757210731506,0.4378151297569275,0.0,0.0,0.7000068426132202,0.898392379283905,0.3000275194644928,0.2999492585659027,8.189914521022013
1.0,64,run_g1_s64.npz,True,True,False,False,False,True,True,True,True,True,False,False,0.6,0.33466666666666667,0.0,0.0,0.20721298347585948,0.0632669136983009,-0.14394606977755858,-0.010540091991424583,-0.01192131042480471,0.13945990800857544,0.1380786895751953,0.23865044116973877,0.40907713770866394,0.0,0.0,0.7000070810317993,0.9131729602813721,0.2822360694408417,0.2997179627418518,7.8505671371466965
1.0,67,run_g1_s67.npz,True,True,False,False,False,True,True,True,True,True,False,False,0.6666666666666666,0.29743589743589743,0.0,0.0,0.2368273956538292,0.01651966359880841,-0.2203077320550208,-0.02677675485610964,-0.028119766712188743,0.12322324514389038,0.12188023328781128,0.25224095582962036,0.4663688540458679,0.0,0.0,0.7000053524971008,0.8986618518829346,0.29430049657821655,0.2992062568664551,8.34237808546854
1.0,69,run_g1_s69.npz,True,True,False,False,False,True,True,True,True,True,False,False,0.5897435897435898,0.2794871794871795,0.0,0.0,0.2312155204478277,0.0437011072028306,-0.1875144132449971,-0.006863051652908347,-0.0067116260528564675,0.14313694834709167,0.14328837394714355,0.27875036001205444,0.49608689546585083,0.0,0.0,0.7000060081481934,0.9122309684753418,0.27084535360336304,0.2999277412891388,8.15412301432331
1.0,71,run_g1_s71.npz,True,True,False,False,False,True,True,True,True,True,False,False,0.5342465753424658,0.3643835616438356,0.0,0.0,0.20765527287511795,0.02764036679753057,-0.18001490607758738,-0.022984766960144065,-0.027174705266952537,0.12701523303985596,0.12282529473304749,0.29495951533317566,0.473960280418396,0.0,0.0,0.7000066637992859,0.8835055828094482,0.2974424660205841,0.2995615303516388,7.6067061382695895
1.0,74,run_g1_s74.npz,True,True,False,False,False,True,True,True,True,True,False,False,0.620253164556962,0.2936708860759494,0.0,0.0,0.21381588757848838,0.014122042234769816,-0.19969384534371856,-0.030658745765686057,-0.032090657949447654,0.11934125423431396,0.11790934205055237,0.27661705017089844,0.4877358078956604,0.0,0.0,0.7000063061714172,0.9537128210067749,0.2940324544906616,0.29756563901901245,8.291672747487814
1.0,79,run_g1_s79.npz,True,True,False,False,False,True,True,False,False,False,False,False,0.5555555555555556,0.3416666666666667,0.0,0.0,0.1710670139240225,0.037201420903633375,-0.1338655930203891,0.012386238574981667,0.009311741590499856,0.1623862385749817,0.15931174159049988,0.33270740509033203,0.5539334416389465,0.0,0.0,0.7000052332878113,0.9301233887672424,0.2950747609138489,0.2997858226299286,7.53377859770732
1.0,82,run_g1_s82.npz,True,True,False,False,False,True,True,True,True,True,False,False,0.5405405405405406,0.35405405405405405,0.0,0.0,0.2036352499564413,0.02155160924467031,-0.182083640711771,-0.01580660939216616,-0.017547959089279197,0.13419339060783386,0.13245204091072083,0.3392408490180969,0.5745124220848083,0.0,0.0,0.7000064253807068,0.9480541348457336,0.3303045332431793,0.299988329410553,7.795166480340994
1.0,83,run_g1_s83.npz,True,True,False,False,False,True,True,True,True,True,False,False,0.5540540540540541,0.31891891891891894,0.0,0.0,0.1833144828374587,0.011430049891910488,-0.1718844329455482,-0.011352771520614646,-0.012920850515365623,0.13864722847938538,0.1370791494846344,0.2663111388683319,0.4615737199783325,0.0,0.0,0.7000067234039307,0.8827642798423767,0.2733357548713684,0.29970160126686096,7.9039144724711745
1.0,91,run_g1_s91.npz,True,True,False,False,False,True,True,True,True,True,False,False,0.6533333333333333,0.34,0.0,0.0,0.2408572339157664,0.02565872208449138,-0.21519851183127503,-0.017532700300216697,-0.019381457567214988,0.13246729969978333,0.13061854243278503,0.282647043466568,0.48992133140563965,0.0,0.0,0.7000057101249695,0.9082962870597839,0.31085866689682007,0.29987064003944397,7.956299624233999
1.0,93,run_g1_s93.npz,True,True,False,False,False,True,True,True,True,True,False,False,0.6933333333333334,0.3413333333333333,0.0,0.0,0.19209690180083444,0.06488179889270679,-0.12721510290812765,-0.01236962676048281,-0.014422351121902488,0.1376303732395172,0.13557764887809753,0.2440379559993744,0.42704346776008606,0.0,0.0,0.7000059485435486,0.8812291026115417,0.25994396209716797,0.2999679148197174,7.944783342530257
1.0,101,run_g1_s101.npz,True,True,False,False,False,True,True,True,True,True,False,False,0.631578947368421,0.3092105263157895,0.0,0.0,0.22848610462034133,0.0031911796408637394,-0.2252949249794776,-0.030498409271240257,-0.032803022861480735,0.11950159072875977,0.11719697713851929,0.2892857789993286,0.5196725130081177,0.0,0.0,0.7000051736831665,0.9413273334503174,0.3363523781299591,0.2999076843261719,8.137456427204354
1.0,103,run_g1_s103.npz,True,True,False,False,False,True,True,True,True,True,False,False,0.6216216216216216,0.3527027027027027,0.0,0.0,0.20187797656728507,0.031379098230892966,-0.1704988783363921,-0.014600241184234641,-0.015581005811691306,0.13539975881576538,0.13441899418830872,0.3405967056751251,0.5816625356674194,0.0,0.0,0.7000055909156799,0.9670580625534058,0.2980261743068695,0.29979515075683594,7.857651006360309
1.0,105,run_g1_s105.npz,True,True,False,False,False,True,True,True,True,True,False,False,0.6447368421052632,0.29473684210526313,0.0,0.0,0.20303630595353628,0.07217212954769048,-0.1308641764058458,-0.026369476318359397,-0.028043860197067283,0.12363052368164062,0.12195613980293274,0.2215525209903717,0.38660696148872375,0.0,0.0,0.7000063061714172,0.8280225396156311,0.2985531985759735,0.2998160123825073,8.033547630041998
1.0,108,run_g1_s108.npz,True,True,False,False,False,True,True,True,True,True,False,False,0.6578947368421053,0.35,0.0,0.0,0.20508736095940597,0.015330470371395677,-0.1897568905880103,-0.006906712055206321,-0.007922822237014793,0.1430932879447937,0.14207717776298523,0.28947120904922485,0.5257313847541809,0.0,0.0,0.700005829334259,0.9111488461494446,0.2705034911632538,0.2999327480792999,8.137688640869476
1.0,111,run_g1_s111.npz,True,True,False,False,False,True,True,True,True,True,False,False,0.6351351351351351,0.33783783783783783,0.0,0.0,0.2106508766367773,0.032619678215797865,-0.17803119842097945,-0.023771905899047874,-0.026286357641220115,0.12622809410095215,0.12371364235877991,0.29450398683547974,0.4840168356895447,0.0,0.0,0.7000041007995605,0.8966338634490967,0.3466256856918335,0.29995179176330566,7.65602780605782
1.0,114,run_g1_s114.npz,True,True,False,False,False,True,True,True,True,True,False,False,0.49333333333333335,0.3453333333333333,0.02,0.0,0.20266317451149338,0.02308180063401266,-0.17958137387748072,-0.038857275247573875,-0.03939893245697024,0.11114272475242615,0.11060106754302979,0.354625403881073,0.582504153251648,0.0,0.0,0.7000054121017456,0.9585109353065491,0.3037601709365845,0.29995062947273254,7.701221561297927
1.0,115,run_g1_s115.npz,True,True,False,False,False,True,True,False,False,False,False,False,0.7215189873417721,0.3139240506329114,0.0,0.0,0.21221440271409694,0.0067829403383515285,-0.20543146237574542,0.008624678850173928,0.006400650739669778,0.15862467885017395,0.1564006507396698,0.26969534158706665,0.5127989649772644,0.0,0.0,0.7000059485435486,0.9350757598876953,0.2618711292743683,0.29993516206741333,8.48133879470266
1.0,118,run_g1_s118.npz,True,True,False,False,False,True,True,False,False,False,False,False,0.6710526315789473,0.29210526315789476,0.0,0.0,0.25368691500281143,0.11089679222648335,-0.14279012277632808,0.003590559959411599,0.0007852077484130637,0.15359055995941162,0.15078520774841309,0.2428581714630127,0.4205383062362671,0.0,0.0,0.700005054473877,0.8814389109611511,0.28956371545791626,0.2999154031276703,8.096329265786185
1.0,122,run_g1_s122.npz,True,True,False,False,False,True,True,True,True,True,False,False,0.6103896103896104,0.33116883116883117,0.0,0.0,0.2174443709850373,0.009648683712549566,-0.20779568727248773,-0.031684869527816795,-0.033405506610870384,0.11831513047218323,0.11659449338912964,0.2776637077331543,0.483833909034729,0.0,0.0,0.7000065445899963,0.90949946641922,0.31243059039115906,0.2997475862503052,8.054918430048003
1.0,124,run_g1_s124.npz,True,True,False,False,False,True,True,False,False,False,False,False,0.5789473684210527,0.31842105263157894,0.0,0.0,0.19062409935069147,0.004648243230812366,-0.1859758561198791,0.023546284437179543,0.021539217233657815,0.17354628443717957,0.17153921723365784,0.252334862947464,0.44558489322662354,0.0,0.0,0.700006365776062,0.8625066876411438,0.2733684480190277,0.2998243272304535,7.960139285514452
1.0,125,run_g1_s125.npz,True,True,False,False,False,True,True,False,False,False,False,False,0.6216216216216216,0.35405405405405405,0.0,0.0,0.1664639684726404,0.06532556404377171,-0.10113840442886868,0.0063031375408172385,0.004950141906738259,0.15630313754081726,0.15495014190673828,0.29211345314979553,0.4731599688529968,0.0,0.0,0.700006902217865,0.8879386186599731,0.26931560039520264,0.2999383807182312,7.685589460318089
1.0,141,run_g1_s141.npz,True,True,False,False,False,True,True,False,False,False,False,False,0.68,0.30533333333333335,0.0,0.0,0.17551049925569423,0.047126290201238485,-0.12838420905445574,0.00935242176055906,0.0072144627571105735,0.15935242176055908,0.1572144627571106,0.2722121775150299,0.47134900093078613,0.0,0.0,0.700005829334259,0.9074650406837463,0.278856486082077,0.2990502119064331,7.906073090161525
1.0,143,run_g1_s143.npz,True,True,False,False,False,True,True,True,True,True,False,False,0.5342465753424658,0.34657534246575344,0.0,0.0,0.20621680561223937,0.014975957521925543,-0.19124084809031383,-0.03523015379905703,-0.036800318956375144,0.114769846200943,0.11319968104362488,0.33549755811691284,0.5419978499412537,0.0,0.0,0.7000057101249695,0.9242845177650452,0.3497571051120758,0.2998589873313904,7.566175774975614
1.0,149,run_g1_s149.npz,True,True,False,False,False,True,True,False,False,False,False,False,0.6266666666666667,0.3586666666666667,0.0,0.0,0.17922070568641515,0.016415432709803224,-0.16280527297661193,0.009546762704849221,0.00735507011413572,0.15954676270484924,0.15735507011413574,0.2684200704097748,0.46138396859169006,0.0,0.0,0.7000070810317993,0.8706948161125183,0.30161240696907043,0.29976773262023926,7.9559163817927425
1.0,151,run_g1_s151.npz,True,True,False,False,False,True,True,True,True,True,False,False,0.5641025641025641,0.3294871794871795,0.0,0.0,0.23528208842213488,0.01567950983510802,-0.21960257858702686,-0.03764721155166628,-0.04014491438865664,0.11235278844833374,0.10985508561134338,0.278982549905777,0.48710116744041443,0.0,0.0,0.7000048160552979,0.9257927536964417,0.3277043402194977,0.299949586391449,8.105810663070985
1.0,152,run_g1_s152.npz,True,True,False,False,False,True,True,False,False,False,False,False,0.631578947368421,0.3131578947368421,0.0,0.0,0.18981476449007725,0.04997152264391702,-0.13984324184616023,0.013480252027511574,0.01084364056587217,0.1634802520275116,0.1608436405658722,0.25831425189971924,0.4337867498397827,0.0,0.0,0.7000063061714172,0.9235331416130066,0.2850185036659241,0.29992640018463135,7.9263912281847535
