flight_id,group,policy,gamma,mode,seed,simulated_status,hardware_eligibility,flight_reference,flight_reference_sha256,source_archive,source_archive_sha256
0808_expanded_quality_v2_gamma_0p1_mode_above_seed_108992,expanded_quality_v2,expanded_reserve_G_nfe12,0.10000000149011612,above,108992,SUCCESS,REQUIRES_OPERATOR_AND_HARDWARE_SAFETY_APPROVAL,flight_references/expanded_quality_v2/gamma_0p1_mode_above_seed_108992_100hz.npz,6e62c7c491310cc935447f59b7b84de1268094576d92c8a583b485fbd4dd7b4c,trajectories/expanded_quality_v2/gamma_0p1_mode_above_seed_108992.npz,998b562c8e5664bc22cc27fb0e168d4b222ec2a30b1ed6a11b110188feeed494
0808_expanded_quality_v2_gamma_0p1_mode_below_seed_105625,expanded_quality_v2,expanded_reserve_G_nfe12,0.10000000149011612,below,105625,SUCCESS,REQUIRES_OPERATOR_AND_HARDWARE_SAFETY_APPROVAL,flight_references/expanded_quality_v2/gamma_0p1_mode_below_seed_105625_100hz.npz,d4152f9b540cb929daada4e525742eed05053d1e3a5b1d4034991210f4e2828c,trajectories/expanded_quality_v2/gamma_0p1_mode_below_seed_105625.npz,a15895d0ffd6ae82a2ca708524a6384d8d6133846f3258fca33f15e198507eb0
0808_expanded_quality_v2_gamma_0p1_mode_left_seed_104626,expanded_quality_v2,expanded_reserve_G_nfe12,0.10000000149011612,left,104626,SUCCESS,REQUIRES_OPERATOR_AND_HARDWARE_SAFETY_APPROVAL,flight_references/expanded_quality_v2/gamma_0p1_mode_left_seed_104626_100hz.npz,9c878a471cf14f6e832e8757227252dd16560c05b9e8aba8bc4db8f4eeb90a0e,trajectories/expanded_quality_v2/gamma_0p1_mode_left_seed_104626.npz,aa4b75c7178a6a6b5866b16fff65107de039201ec3a4746e78f4bdbef2b0d141
0808_expanded_quality_v2_gamma_0p1_mode_right_seed_104108,expanded_quality_v2,expanded_reserve_G_nfe12,0.10000000149011612,right,104108,SUCCESS,REQUIRES_OPERATOR_AND_HARDWARE_SAFETY_APPROVAL,flight_references/expanded_quality_v2/gamma_0p1_mode_right_seed_104108_100hz.npz,9b3096ebc5cb01cf6065bdc6e915de30af2899dbe73f6205c8464243607dee6c,trajectories/expanded_quality_v2/gamma_0p1_mode_right_seed_104108.npz,3562624223b6684a383823baa7041002e02de64f138c940303e5642edcaf2097
0808_expanded_quality_v2_gamma_0p3_mode_above_seed_115588,expanded_quality_v2,expanded_reserve_G_nfe12,0.30000001192092896,above,115588,SUCCESS,REQUIRES_OPERATOR_AND_HARDWARE_SAFETY_APPROVAL,flight_references/expanded_quality_v2/gamma_0p3_mode_above_seed_115588_100hz.npz,11714f6b2cc0966940c3ee2fa6ee4532e05e9c6b4618db2c10d45acd7ff40496,trajectories/expanded_quality_v2/gamma_0p3_mode_above_seed_115588.npz,07cc872c4ce7a15ed210d65ff59652452b40cd4bdfa9bcff5f66d7ce1af0b34a
0808_expanded_quality_v2_gamma_0p3_mode_below_seed_118918,expanded_quality_v2,expanded_reserve_G_nfe12,0.30000001192092896,below,118918,SUCCESS,REQUIRES_OPERATOR_AND_HARDWARE_SAFETY_APPROVAL,flight_references/expanded_quality_v2/gamma_0p3_mode_below_seed_118918_100hz.npz,90a7ea6bb3288ae3150a0cb5b821bee73a4a6bde02779a4d1178fde2b46e4163,trajectories/expanded_quality_v2/gamma_0p3_mode_below_seed_118918.npz,dad15c1b01785cefcdd0c1bc416a1b91f6dac26934ca1a3aa72321ee4d863b91
0808_expanded_quality_v2_gamma_0p3_mode_left_seed_92369,expanded_quality_v2,expanded_reserve_G_nfe12,0.30000001192092896,left,92369,SUCCESS,REQUIRES_OPERATOR_AND_HARDWARE_SAFETY_APPROVAL,flight_references/expanded_quality_v2/gamma_0p3_mode_left_seed_92369_100hz.npz,16ccc1057c28d80b3ce292de4f12d7ea25be9c8db9da7ad7046e983086c9b8e9,trajectories/expanded_quality_v2/gamma_0p3_mode_left_seed_92369.npz,cc0432c05a5d649de84f3da07e741f3580898b187557263c17e62302a8666670
0808_expanded_quality_v2_gamma_0p3_mode_right_seed_124542,expanded_quality_v2,expanded_reserve_G_nfe12,0.30000001192092896,right,124542,SUCCESS,REQUIRES_OPERATOR_AND_HARDWARE_SAFETY_APPROVAL,flight_references/expanded_quality_v2/gamma_0p3_mode_right_seed_124542_100hz.npz,b9c4c7e3a2b94bd99625593ef98d1acca6d12e7e7a3920125cc15f5fa6242a3b,trajectories/expanded_quality_v2/gamma_0p3_mode_right_seed_124542.npz,03d362e8be2d9d8a7c30fdf9b5108ba3bb86192de221f0dc0f419a42197b7394
0808_expanded_quality_v2_gamma_0p5_mode_above_seed_130398,expanded_quality_v2,expanded_reserve_G_nfe12,0.5,above,130398,SUCCESS,REQUIRES_OPERATOR_AND_HARDWARE_SAFETY_APPROVAL,flight_references/expanded_quality_v2/gamma_0p5_mode_above_seed_130398_100hz.npz,e464cc4a192ee5619c880d0c2ca90e387e3b7ab1a4aa532a55612797e4a31595,trajectories/expanded_quality_v2/gamma_0p5_mode_above_seed_130398.npz,fd80c1aff1531160c70d1f4beb3f342bfc9f5b01e4fa671005258f5d1eb0dfc8
0808_expanded_quality_v2_gamma_0p5_mode_below_seed_132470,expanded_quality_v2,expanded_reserve_G_nfe12,0.5,below,132470,SUCCESS,REQUIRES_OPERATOR_AND_HARDWARE_SAFETY_APPROVAL,flight_references/expanded_quality_v2/gamma_0p5_mode_below_seed_132470_100hz.npz,e51f9c35a51388f475d1cd1f7aaf60363010ef4b5fd0693d0e9cf0ee9bf6cb06,trajectories/expanded_quality_v2/gamma_0p5_mode_below_seed_132470.npz,38789dde656f69103616a266a7adb702d8712f049db06fb70105355007a634a2
0808_expanded_quality_v2_gamma_0p5_mode_left_seed_91777,expanded_quality_v2,expanded_reserve_G_nfe12,0.5,left,91777,SUCCESS,REQUIRES_OPERATOR_AND_HARDWARE_SAFETY_APPROVAL,flight_references/expanded_quality_v2/gamma_0p5_mode_left_seed_91777_100hz.npz,62947ef4280eb74e0e25a63c01bcf0145c785a7fd2b2baacee88fd70648c4f80,trajectories/expanded_quality_v2/gamma_0p5_mode_left_seed_91777.npz,efe8c8851fd6ca39125a49a8854456002ce0024ba3d78df339af7182b604033c
0808_expanded_quality_v2_gamma_0p5_mode_right_seed_123368,expanded_quality_v2,expanded_reserve_G_nfe12,0.5,right,123368,SUCCESS,REQUIRES_OPERATOR_AND_HARDWARE_SAFETY_APPROVAL,flight_references/expanded_quality_v2/gamma_0p5_mode_right_seed_123368_100hz.npz,3fc42e9a9f5d1e694367dd87b3e5fdb8f34133685a919b7ccfaa0a780cb31856,trajectories/expanded_quality_v2/gamma_0p5_mode_right_seed_123368.npz,9a9483cf0e12c0ca38c0ff93ef6d1c956d5c8e3b392036e29ee0b90348df6159
0808_expanded_quality_v2_gamma_1_mode_above_seed_141175,expanded_quality_v2,expanded_reserve_G_nfe12,1.0,above,141175,SUCCESS,REQUIRES_OPERATOR_AND_HARDWARE_SAFETY_APPROVAL,flight_references/expanded_quality_v2/gamma_1_mode_above_seed_141175_100hz.npz,a5c14363da15603eff0a6ccd9f04b43d097c4ad52ebf5892db5e328078592c3b,trajectories/expanded_quality_v2/gamma_1_mode_above_seed_141175.npz,9d55906d6b3a994f1c485ec28b8a4edbd8d1df16712d51a04dfd99f1f19fd48a
0808_expanded_quality_v2_gamma_1_mode_below_seed_138437,expanded_quality_v2,expanded_reserve_G_nfe12,1.0,below,138437,SUCCESS,REQUIRES_OPERATOR_AND_HARDWARE_SAFETY_APPROVAL,flight_references/expanded_quality_v2/gamma_1_mode_below_seed_138437_100hz.npz,9d449d7a675db364e8e46a9ecc01176365984ad86fb627bd77ce2a5d6dd216bc,trajectories/expanded_quality_v2/gamma_1_mode_below_seed_138437.npz,25dc5b2b837ca8fbcae781e3a421221bc887a8444cc6db272e741d56d7e604be
0808_expanded_quality_v2_gamma_1_mode_left_seed_144135,expanded_quality_v2,expanded_reserve_G_nfe12,1.0,left,144135,SUCCESS,REQUIRES_OPERATOR_AND_HARDWARE_SAFETY_APPROVAL,flight_references/expanded_quality_v2/gamma_1_mode_left_seed_144135_100hz.npz,4e364e2d6fee9509f45635353cd7d4bfe04b78e2bd3b2f6bbeab7f758b6f0a4b,trajectories/expanded_quality_v2/gamma_1_mode_left_seed_144135.npz,048a50f813d98a790283021085ecc38af5b27cb3234c7de443da18cf5de6b2e7
0808_expanded_quality_v2_gamma_1_mode_right_seed_142692,expanded_quality_v2,expanded_reserve_G_nfe12,1.0,right,142692,SUCCESS,REQUIRES_OPERATOR_AND_HARDWARE_SAFETY_APPROVAL,flight_references/expanded_quality_v2/gamma_1_mode_right_seed_142692_100hz.npz,f1807a4dc219f53bd8e3b5130ff8a92b2d11ce5b0990221c77c671d33f39611e,trajectories/expanded_quality_v2/gamma_1_mode_right_seed_142692.npz,51896a4a99a01ec3e74c4b44b019aa751434f0e9199d059472ec2debb2eff6d5
0808_expanded_supplement_v1_gamma_0p1_mode_above_seed_91555,expanded_supplement_v1,expanded_reserve_G_nfe12,0.10000000149011612,above,91555,SUCCESS,REQUIRES_OPERATOR_AND_HARDWARE_SAFETY_APPROVAL,flight_references/expanded_supplement_v1/gamma_0p1_mode_above_seed_91555_100hz.npz,267e89e05a4078a91dbac440c63b648784a41c41a097700d7991cf5bf29f8923,trajectories/expanded_supplement_v1/gamma_0p1_mode_above_seed_91555.npz,e893327c52bd1eababc16fe1c009180e8628998a536bd897abf0e63576e70a9a
0808_expanded_supplement_v1_gamma_0p1_mode_above_seed_92851,expanded_supplement_v1,expanded_reserve_G_nfe12,0.10000000149011612,above,92851,SUCCESS,REQUIRES_OPERATOR_AND_HARDWARE_SAFETY_APPROVAL,flight_references/expanded_supplement_v1/gamma_0p1_mode_above_seed_92851_100hz.npz,82566919615f29438c0912e1968d827061d5fc6bc876dd1cd18b301386ae6bdc,trajectories/expanded_supplement_v1/gamma_0p1_mode_above_seed_92851.npz,7930f088fed4a67f6336327e12927f2fb031b0761f343cc9a03ff89b8289ae50
0808_expanded_supplement_v1_gamma_1_mode_above_seed_137364,expanded_supplement_v1,expanded_reserve_G_nfe12,1.0,above,137364,SUCCESS,REQUIRES_OPERATOR_AND_HARDWARE_SAFETY_APPROVAL,flight_references/expanded_supplement_v1/gamma_1_mode_above_seed_137364_100hz.npz,c38b3afccf358eefa76eacdb2f1ada3dd1f525324b63456ead32af25043dfcc5,trajectories/expanded_supplement_v1/gamma_1_mode_above_seed_137364.npz,bae67f6c30f635b6e8ed43f3e31bf92ab11f88c6c0b7f4f4c8826a223110f58b
0808_expanded_supplement_v1_gamma_1_mode_below_seed_92406,expanded_supplement_v1,expanded_reserve_G_nfe12,1.0,below,92406,SUCCESS,REQUIRES_OPERATOR_AND_HARDWARE_SAFETY_APPROVAL,flight_references/expanded_supplement_v1/gamma_1_mode_below_seed_92406_100hz.npz,3cb243f94577f7cd4e85c138180a7d42960c0fc22f90b213d04b6ba9638928e9,trajectories/expanded_supplement_v1/gamma_1_mode_below_seed_92406.npz,6ceb6e1865dd7da2dca845042c10ed592e007bd7661e5b0cb36abe7daf8433c7
0808_expanded_supplement_v1_gamma_1_mode_left_seed_135329,expanded_supplement_v1,expanded_reserve_G_nfe12,1.0,left,135329,SUCCESS,REQUIRES_OPERATOR_AND_HARDWARE_SAFETY_APPROVAL,flight_references/expanded_supplement_v1/gamma_1_mode_left_seed_135329_100hz.npz,af7946b5e1c6eb4e199128988bbbb242a5dcf7c95b069d57eb83a75ad077cb74,trajectories/expanded_supplement_v1/gamma_1_mode_left_seed_135329.npz,71901000648d81181923373d17cfd6171585fbd00b408684a5a0a9f6476adfbf
0808_expanded_supplement_v1_gamma_1_mode_right_seed_93962,expanded_supplement_v1,expanded_reserve_G_nfe12,1.0,right,93962,SUCCESS,REQUIRES_OPERATOR_AND_HARDWARE_SAFETY_APPROVAL,flight_references/expanded_supplement_v1/gamma_1_mode_right_seed_93962_100hz.npz,db5cc7ed9ca4ddbc7f999262acd596c721fc7e5e9fde135d62d3e36a3440ae09,trajectories/expanded_supplement_v1/gamma_1_mode_right_seed_93962.npz,7af6b1bb6a1bf222bbd7fbb89088014124b3a4e255e9209dc6b6f58e1e5391b7
0808_pretrained_success_gamma_0p1_mode_above_seed_91074,pretrained_success,pretrained_p0806_nfe16,0.10000000149011612,above,91074,SUCCESS,REQUIRES_OPERATOR_AND_HARDWARE_SAFETY_APPROVAL,flight_references/pretrained_success/gamma_0p1_mode_above_seed_91074_100hz.npz,219372d5b347f63b5605523765232bdbfb4c8eeea4ef7d8b41283f38fa7a99bc,trajectories/pretrained_success/gamma_0p1_mode_above_seed_91074.npz,cf6fc6e6c2a31fc0503275ef37ff5f6eb386c44ab4dab5ae7a4dd82edf298519
0808_pretrained_success_gamma_0p3_mode_above_seed_91074,pretrained_success,pretrained_p0806_nfe16,0.30000001192092896,above,91074,SUCCESS,REQUIRES_OPERATOR_AND_HARDWARE_SAFETY_APPROVAL,flight_references/pretrained_success/gamma_0p3_mode_above_seed_91074_100hz.npz,51aaaf0e0b138502e0d26c6fa791c8703cbdee3b6c37d2a378f434cf78138ba4,trajectories/pretrained_success/gamma_0p3_mode_above_seed_91074.npz,94e909b43a36f1f2dd302c170c81cc3e4bfee38c454998485a1654e0c1a25e19
0808_pretrained_success_gamma_0p5_mode_above_seed_91074,pretrained_success,pretrained_p0806_nfe16,0.5,above,91074,SUCCESS,REQUIRES_OPERATOR_AND_HARDWARE_SAFETY_APPROVAL,flight_references/pretrained_success/gamma_0p5_mode_above_seed_91074_100hz.npz,bad46af14a7e98c884dea9c86de12295994ddfc4c3e6a0c65fcbf279c849f064,trajectories/pretrained_success/gamma_0p5_mode_above_seed_91074.npz,e180f962eb79a9a80f48be1291a9b564606fde05d31a45589d2fe28dc175dfd6
0808_pretrained_success_gamma_1_mode_above_seed_91074,pretrained_success,pretrained_p0806_nfe16,1.0,above,91074,SUCCESS,REQUIRES_OPERATOR_AND_HARDWARE_SAFETY_APPROVAL,flight_references/pretrained_success/gamma_1_mode_above_seed_91074_100hz.npz,054b5e81df96ebc4801bfe410afa7a41b0fa80c1d7424bd7453adf4b1a8f5ce4,trajectories/pretrained_success/gamma_1_mode_above_seed_91074.npz,055298a1f8f67941da8cfc4eabfd69e34bd8bba0b44c3714c6f152ae263d4a5c
0808_pretrained_collisions_gamma_0p3_collision_seed_94184,pretrained_collisions,pretrained_p0806_nfe16,0.30000001192092896,collision,94184,COLLISION,SIMULATION_ONLY_KNOWN_COLLISION,flight_references/pretrained_collisions/gamma_0p3_collision_seed_94184_100hz.npz,341d34f17baa033cea63c6eb8912a1c7b908b6f83b6803c10d97473a3b5ab7bd,trajectories/pretrained_collisions/gamma_0p3_collision_seed_94184.npz,325bd7180a2c299905ba6d4209bbfc60c16148b546b79b2408cc8d7c33d73ba5
0808_pretrained_collisions_gamma_1_collision_seed_93814,pretrained_collisions,pretrained_p0806_nfe16,1.0,collision,93814,COLLISION,SIMULATION_ONLY_KNOWN_COLLISION,flight_references/pretrained_collisions/gamma_1_collision_seed_93814_100hz.npz,cf9e46ac565c4001d5492e978418c9cfbfb7988d09227cc1ff72b5f1cad65758,trajectories/pretrained_collisions/gamma_1_collision_seed_93814.npz,7d0b7b9b24ab4b46223ae69c697c9cdfa6c2c27249477a44161d58c5105465f4
