group,method,regime,gamma,episode,seed,status,route,source,row
paper-ready-pre2,PRE2,,0.1,15,92555,SUCCESS,RRR,trajectories/paper_ready_bowling_handoff.pt,0
paper-ready-pre2,PRE2,,0.1,22,92814,SUCCESS,RRL,trajectories/paper_ready_bowling_handoff.pt,1
paper-ready-pre2,PRE2,,0.1,0,92000,SUCCESS,LLL,trajectories/paper_ready_bowling_handoff.pt,2
paper-ready-pre2,PRE2,,0.1,19,92703,SUCCESS,LLL,trajectories/paper_ready_bowling_handoff.pt,3
paper-ready-pre2,PRE2,,0.1,14,92518,SUCCESS,LLL,trajectories/paper_ready_bowling_handoff.pt,4
paper-ready-pre2,PRE2,,0.1,7,92259,SUCCESS,LLL,trajectories/paper_ready_bowling_handoff.pt,5
paper-ready-pre2,PRE2,,0.1,12,92444,SUCCESS,LLL,trajectories/paper_ready_bowling_handoff.pt,6
paper-ready-pre2,PRE2,,0.1,21,92777,SUCCESS,LLL,trajectories/paper_ready_bowling_handoff.pt,7
paper-ready-less-expanded,Expanded,,0.1,29,93073,SUCCESS,LLL,trajectories/paper_ready_bowling_handoff.pt,0
paper-ready-less-expanded,Expanded,,0.1,46,93702,SUCCESS,LLR,trajectories/paper_ready_bowling_handoff.pt,1
paper-ready-less-expanded,Expanded,,0.1,47,93739,SUCCESS,LRL,trajectories/paper_ready_bowling_handoff.pt,2
paper-ready-less-expanded,Expanded,,0.1,48,93776,SUCCESS,LRR,trajectories/paper_ready_bowling_handoff.pt,3
paper-ready-less-expanded,Expanded,,0.1,24,92888,SUCCESS,LLL,trajectories/paper_ready_bowling_handoff.pt,4
paper-ready-less-expanded,Expanded,,0.1,4,92148,SUCCESS,LRL,trajectories/paper_ready_bowling_handoff.pt,5
paper-ready-less-expanded,Expanded,,0.1,26,92962,SUCCESS,LLL,trajectories/paper_ready_bowling_handoff.pt,6
paper-ready-less-expanded,Expanded,,0.1,17,92629,SUCCESS,LLL,trajectories/paper_ready_bowling_handoff.pt,7
paper-ready-expanded,Expanded,,0.1,227,100399,SUCCESS,LLL,trajectories/paper_ready_bowling_handoff.pt,0
paper-ready-expanded,Expanded,,0.1,230,100510,SUCCESS,LLR,trajectories/paper_ready_bowling_handoff.pt,1
paper-ready-expanded,Expanded,,0.1,260,101620,SUCCESS,LRL,trajectories/paper_ready_bowling_handoff.pt,2
paper-ready-expanded,Expanded,,0.1,297,102989,SUCCESS,LRR,trajectories/paper_ready_bowling_handoff.pt,3
paper-ready-expanded,Expanded,,0.1,121,96477,SUCCESS,RLL,trajectories/paper_ready_bowling_handoff.pt,4
paper-ready-expanded,Expanded,,0.1,267,101879,SUCCESS,RLR,trajectories/paper_ready_bowling_handoff.pt,5
paper-ready-expanded,Expanded,,0.1,4,92148,SUCCESS,RRL,trajectories/paper_ready_bowling_handoff.pt,6
paper-ready-expanded,Expanded,,0.1,60,94220,SUCCESS,RRR,trajectories/paper_ready_bowling_handoff.pt,7
paper-ready-cfmmppi,CFM-MPPI,balanced,0.1,0,314159,SUCCESS,RLR,trajectories/paper_ready_bowling_handoff.pt,0
paper-ready-cfmmppi,CFM-MPPI,balanced,0.1,1,314196,SUCCESS,LLR,trajectories/paper_ready_bowling_handoff.pt,1
paper-ready-cfmmppi,CFM-MPPI,balanced,0.1,2,314233,SUCCESS,LRL,trajectories/paper_ready_bowling_handoff.pt,2
paper-ready-cfmmppi,CFM-MPPI,balanced,0.1,3,314270,COLLISION,,trajectories/paper_ready_bowling_handoff.pt,3
paper-ready-cfmmppi,CFM-MPPI,balanced,0.1,4,314307,COLLISION,,trajectories/paper_ready_bowling_handoff.pt,4
paper-ready-cfmmppi,CFM-MPPI,balanced,0.1,5,314344,COLLISION,,trajectories/paper_ready_bowling_handoff.pt,5
paper-ready-cfmmppi,CFM-MPPI,balanced,0.1,6,314381,SUCCESS,XRX,trajectories/paper_ready_bowling_handoff.pt,6
paper-ready-cfmmppi,CFM-MPPI,balanced,0.1,7,314418,SUCCESS,LRL,trajectories/paper_ready_bowling_handoff.pt,7
paper-ready-cfmmppi,CFM-MPPI,performance,0.1,0,314159,COLLISION,,trajectories/paper_ready_bowling_handoff.pt,8
paper-ready-cfmmppi,CFM-MPPI,performance,0.1,1,314196,COLLISION,,trajectories/paper_ready_bowling_handoff.pt,9
paper-ready-cfmmppi,CFM-MPPI,performance,0.1,2,314233,COLLISION,,trajectories/paper_ready_bowling_handoff.pt,10
paper-ready-cfmmppi,CFM-MPPI,performance,0.1,3,314270,COLLISION,,trajectories/paper_ready_bowling_handoff.pt,11
paper-ready-cfmmppi,CFM-MPPI,performance,0.1,4,314307,COLLISION,,trajectories/paper_ready_bowling_handoff.pt,12
paper-ready-cfmmppi,CFM-MPPI,performance,0.1,5,314344,COLLISION,,trajectories/paper_ready_bowling_handoff.pt,13
paper-ready-cfmmppi,CFM-MPPI,performance,0.1,6,314381,COLLISION,,trajectories/paper_ready_bowling_handoff.pt,14
paper-ready-cfmmppi,CFM-MPPI,performance,0.1,7,314418,COLLISION,,trajectories/paper_ready_bowling_handoff.pt,15
paper-ready-cfmmppi,CFM-MPPI,safety,0.1,0,314159,SUCCESS,LRL,trajectories/paper_ready_bowling_handoff.pt,16
paper-ready-cfmmppi,CFM-MPPI,safety,0.1,1,314196,SUCCESS,LRL,trajectories/paper_ready_bowling_handoff.pt,17
paper-ready-cfmmppi,CFM-MPPI,safety,0.1,2,314233,SUCCESS,LRL,trajectories/paper_ready_bowling_handoff.pt,18
paper-ready-cfmmppi,CFM-MPPI,safety,0.1,3,314270,SUCCESS,LLR,trajectories/paper_ready_bowling_handoff.pt,19
paper-ready-cfmmppi,CFM-MPPI,safety,0.1,4,314307,COLLISION,,trajectories/paper_ready_bowling_handoff.pt,20
paper-ready-cfmmppi,CFM-MPPI,safety,0.1,5,314344,COLLISION,,trajectories/paper_ready_bowling_handoff.pt,21
paper-ready-cfmmppi,CFM-MPPI,safety,0.1,6,314381,COLLISION,,trajectories/paper_ready_bowling_handoff.pt,22
paper-ready-cfmmppi,CFM-MPPI,safety,0.1,7,314418,SUCCESS,LRL,trajectories/paper_ready_bowling_handoff.pt,23
paper-ready-safemppi,SafeMPPI,,0.1,832,245332,SUCCESS,LLL,trajectories/paper_ready_bowling_handoff.pt,0
paper-ready-safemppi,SafeMPPI,,0.1,628,245128,SUCCESS,LLR,trajectories/paper_ready_bowling_handoff.pt,1
paper-ready-safemppi,SafeMPPI,,0.1,18,240018,SUCCESS,RRL,trajectories/paper_ready_bowling_handoff.pt,2
paper-ready-safemppi,SafeMPPI,,0.1,1623,246523,SUCCESS,RRR,trajectories/paper_ready_bowling_handoff.pt,3
paper-ready-safemppi,SafeMPPI,,0.1,1622,246522,SUCCESS,LLL,trajectories/paper_ready_bowling_handoff.pt,4
paper-ready-safemppi,SafeMPPI,,0.1,1349,246249,SUCCESS,LLR,trajectories/paper_ready_bowling_handoff.pt,5
paper-ready-safemppi,SafeMPPI,,0.1,1416,246316,SUCCESS,RRL,trajectories/paper_ready_bowling_handoff.pt,6
paper-ready-safemppi,SafeMPPI,,0.1,1055,245555,SUCCESS,RRR,trajectories/paper_ready_bowling_handoff.pt,7
paper-ready-safemppi,SafeMPPI,,0.3,2,241002,SUCCESS,LLL,trajectories/paper_ready_bowling_handoff.pt,8
paper-ready-safemppi,SafeMPPI,,0.3,81,241081,SUCCESS,LLR,trajectories/paper_ready_bowling_handoff.pt,9
paper-ready-safemppi,SafeMPPI,,0.3,69,241069,SUCCESS,LRL,trajectories/paper_ready_bowling_handoff.pt,10
paper-ready-safemppi,SafeMPPI,,0.3,53,241053,SUCCESS,RLR,trajectories/paper_ready_bowling_handoff.pt,11
paper-ready-safemppi,SafeMPPI,,0.3,38,241038,SUCCESS,RRL,trajectories/paper_ready_bowling_handoff.pt,12
paper-ready-safemppi,SafeMPPI,,0.3,34,241034,SUCCESS,RRR,trajectories/paper_ready_bowling_handoff.pt,13
paper-ready-safemppi,SafeMPPI,,0.3,63,241063,SUCCESS,LLL,trajectories/paper_ready_bowling_handoff.pt,14
paper-ready-safemppi,SafeMPPI,,0.3,8,241008,SUCCESS,LLR,trajectories/paper_ready_bowling_handoff.pt,15
paper-ready-safemppi,SafeMPPI,,0.5,93,242093,SUCCESS,LLL,trajectories/paper_ready_bowling_handoff.pt,16
paper-ready-safemppi,SafeMPPI,,0.5,4,242004,SUCCESS,LLR,trajectories/paper_ready_bowling_handoff.pt,17
paper-ready-safemppi,SafeMPPI,,0.5,66,242066,SUCCESS,LRL,trajectories/paper_ready_bowling_handoff.pt,18
paper-ready-safemppi,SafeMPPI,,0.5,14,242014,SUCCESS,RLR,trajectories/paper_ready_bowling_handoff.pt,19
paper-ready-safemppi,SafeMPPI,,0.5,8,242008,SUCCESS,RRL,trajectories/paper_ready_bowling_handoff.pt,20
paper-ready-safemppi,SafeMPPI,,0.5,5,242005,SUCCESS,LLR,trajectories/paper_ready_bowling_handoff.pt,21
paper-ready-safemppi,SafeMPPI,,0.5,51,242051,SUCCESS,LRL,trajectories/paper_ready_bowling_handoff.pt,22
paper-ready-safemppi,SafeMPPI,,0.5,33,242033,SUCCESS,RLR,trajectories/paper_ready_bowling_handoff.pt,23
paper-ready-safemppi,SafeMPPI,,1.0,13,243013,SUCCESS,LLL,trajectories/paper_ready_bowling_handoff.pt,24
paper-ready-safemppi,SafeMPPI,,1.0,91,243091,SUCCESS,LLR,trajectories/paper_ready_bowling_handoff.pt,25
paper-ready-safemppi,SafeMPPI,,1.0,0,243000,SUCCESS,LRL,trajectories/paper_ready_bowling_handoff.pt,26
paper-ready-safemppi,SafeMPPI,,1.0,65,243065,SUCCESS,RLR,trajectories/paper_ready_bowling_handoff.pt,27
paper-ready-safemppi,SafeMPPI,,1.0,26,243026,SUCCESS,RRL,trajectories/paper_ready_bowling_handoff.pt,28
paper-ready-safemppi,SafeMPPI,,1.0,39,243039,SUCCESS,LLL,trajectories/paper_ready_bowling_handoff.pt,29
paper-ready-safemppi,SafeMPPI,,1.0,12,243012,SUCCESS,LLR,trajectories/paper_ready_bowling_handoff.pt,30
paper-ready-safemppi,SafeMPPI,,1.0,34,243034,SUCCESS,LRL,trajectories/paper_ready_bowling_handoff.pt,31
not-paper-ready-pre2,PRE2,,0.3,6,92222,SUCCESS,RRL,trajectories/paper_ready_bowling_handoff.pt,0
not-paper-ready-pre2,PRE2,,0.3,66,94442,SUCCESS,RLL,trajectories/paper_ready_bowling_handoff.pt,1
not-paper-ready-pre2,PRE2,,0.3,89,95293,SUCCESS,LLL,trajectories/paper_ready_bowling_handoff.pt,2
not-paper-ready-pre2,PRE2,,0.3,25,92925,SUCCESS,LLL,trajectories/paper_ready_bowling_handoff.pt,3
not-paper-ready-pre2,PRE2,,0.3,38,93406,SUCCESS,LLL,trajectories/paper_ready_bowling_handoff.pt,4
not-paper-ready-pre2,PRE2,,0.3,11,92407,SUCCESS,LLL,trajectories/paper_ready_bowling_handoff.pt,5
not-paper-ready-pre2,PRE2,,0.3,65,94405,SUCCESS,LLL,trajectories/paper_ready_bowling_handoff.pt,6
not-paper-ready-pre2,PRE2,,0.3,42,93554,SUCCESS,LLL,trajectories/paper_ready_bowling_handoff.pt,7
not-paper-ready-pre2,PRE2,,0.5,49,93813,SUCCESS,LLL,trajectories/paper_ready_bowling_handoff.pt,8
not-paper-ready-pre2,PRE2,,0.5,30,93110,SUCCESS,LLL,trajectories/paper_ready_bowling_handoff.pt,9
not-paper-ready-pre2,PRE2,,0.5,21,92777,SUCCESS,LLL,trajectories/paper_ready_bowling_handoff.pt,10
not-paper-ready-pre2,PRE2,,0.5,43,93591,SUCCESS,LLR,trajectories/paper_ready_bowling_handoff.pt,11
not-paper-ready-pre2,PRE2,,0.5,19,92703,SUCCESS,LLL,trajectories/paper_ready_bowling_handoff.pt,12
not-paper-ready-pre2,PRE2,,0.5,20,92740,SUCCESS,LLL,trajectories/paper_ready_bowling_handoff.pt,13
not-paper-ready-pre2,PRE2,,0.5,46,93702,SUCCESS,LLL,trajectories/paper_ready_bowling_handoff.pt,14
not-paper-ready-pre2,PRE2,,0.5,26,92962,SUCCESS,LLL,trajectories/paper_ready_bowling_handoff.pt,15
not-paper-ready-pre2,PRE2,,1.0,18,92666,SUCCESS,LLL,trajectories/paper_ready_bowling_handoff.pt,16
not-paper-ready-pre2,PRE2,,1.0,109,96033,SUCCESS,LLL,trajectories/paper_ready_bowling_handoff.pt,17
not-paper-ready-pre2,PRE2,,1.0,25,92925,SUCCESS,LLL,trajectories/paper_ready_bowling_handoff.pt,18
not-paper-ready-pre2,PRE2,,1.0,62,94294,SUCCESS,LLL,trajectories/paper_ready_bowling_handoff.pt,19
not-paper-ready-pre2,PRE2,,1.0,154,97698,SUCCESS,LLL,trajectories/paper_ready_bowling_handoff.pt,20
not-paper-ready-pre2,PRE2,,1.0,68,94516,SUCCESS,LLL,trajectories/paper_ready_bowling_handoff.pt,21
not-paper-ready-pre2,PRE2,,1.0,170,98290,SUCCESS,LLL,trajectories/paper_ready_bowling_handoff.pt,22
not-paper-ready-pre2,PRE2,,1.0,1,92037,SUCCESS,LLL,trajectories/paper_ready_bowling_handoff.pt,23
not-paper-ready-expanded,Expanded,,0.3,32,93184,SUCCESS,LLL,trajectories/paper_ready_bowling_handoff.pt,0
not-paper-ready-expanded,Expanded,,0.3,33,93221,SUCCESS,LLL,trajectories/paper_ready_bowling_handoff.pt,1
not-paper-ready-expanded,Expanded,,0.3,79,94923,SUCCESS,LLR,trajectories/paper_ready_bowling_handoff.pt,2
not-paper-ready-expanded,Expanded,,0.3,8,92296,SUCCESS,LRL,trajectories/paper_ready_bowling_handoff.pt,3
not-paper-ready-expanded,Expanded,,0.3,27,92999,SUCCESS,RLL,trajectories/paper_ready_bowling_handoff.pt,4
not-paper-ready-expanded,Expanded,,0.3,88,95256,SUCCESS,RLR,trajectories/paper_ready_bowling_handoff.pt,5
not-paper-ready-expanded,Expanded,,0.3,14,92518,SUCCESS,RRL,trajectories/paper_ready_bowling_handoff.pt,6
not-paper-ready-expanded,Expanded,,0.3,4,92148,SUCCESS,RRR,trajectories/paper_ready_bowling_handoff.pt,7
not-paper-ready-expanded,Expanded,,0.5,108,95996,SUCCESS,LLL,trajectories/paper_ready_bowling_handoff.pt,8
not-paper-ready-expanded,Expanded,,0.5,116,96292,SUCCESS,LLR,trajectories/paper_ready_bowling_handoff.pt,9
not-paper-ready-expanded,Expanded,,0.5,90,95330,SUCCESS,LRL,trajectories/paper_ready_bowling_handoff.pt,10
not-paper-ready-expanded,Expanded,,0.5,159,97883,SUCCESS,LRR,trajectories/paper_ready_bowling_handoff.pt,11
not-paper-ready-expanded,Expanded,,0.5,86,95182,SUCCESS,RLL,trajectories/paper_ready_bowling_handoff.pt,12
not-paper-ready-expanded,Expanded,,0.5,48,93776,SUCCESS,RLR,trajectories/paper_ready_bowling_handoff.pt,13
not-paper-ready-expanded,Expanded,,0.5,171,98327,SUCCESS,RRL,trajectories/paper_ready_bowling_handoff.pt,14
not-paper-ready-expanded,Expanded,,0.5,155,97735,SUCCESS,RRR,trajectories/paper_ready_bowling_handoff.pt,15
not-paper-ready-expanded,Expanded,,1.0,16,92592,SUCCESS,LLL,trajectories/paper_ready_bowling_handoff.pt,16
not-paper-ready-expanded,Expanded,,1.0,97,95589,SUCCESS,LLL,trajectories/paper_ready_bowling_handoff.pt,17
not-paper-ready-expanded,Expanded,,1.0,82,95034,SUCCESS,LLR,trajectories/paper_ready_bowling_handoff.pt,18
not-paper-ready-expanded,Expanded,,1.0,74,94738,SUCCESS,LRL,trajectories/paper_ready_bowling_handoff.pt,19
not-paper-ready-expanded,Expanded,,1.0,188,98956,SUCCESS,RLL,trajectories/paper_ready_bowling_handoff.pt,20
not-paper-ready-expanded,Expanded,,1.0,130,96810,SUCCESS,RRL,trajectories/paper_ready_bowling_handoff.pt,21
not-paper-ready-expanded,Expanded,,1.0,64,94368,SUCCESS,RRR,trajectories/paper_ready_bowling_handoff.pt,22
not-paper-ready-expanded,Expanded,,1.0,111,96107,SUCCESS,RRR,trajectories/paper_ready_bowling_handoff.pt,23
not-paper-ready-cfmmppi,CFM-MPPI,balanced,0.3,0,271828,SUCCESS,LRL,trajectories/paper_ready_bowling_handoff.pt,0
not-paper-ready-cfmmppi,CFM-MPPI,balanced,0.3,1,271865,SUCCESS,XRR,trajectories/paper_ready_bowling_handoff.pt,1
not-paper-ready-cfmmppi,CFM-MPPI,balanced,0.3,2,271902,SUCCESS,LXL,trajectories/paper_ready_bowling_handoff.pt,2
not-paper-ready-cfmmppi,CFM-MPPI,balanced,0.3,3,271939,SUCCESS,LRR,trajectories/paper_ready_bowling_handoff.pt,3
not-paper-ready-cfmmppi,CFM-MPPI,balanced,0.5,0,271828,SUCCESS,LRR,trajectories/paper_ready_bowling_handoff.pt,4
not-paper-ready-cfmmppi,CFM-MPPI,balanced,0.5,1,271865,SUCCESS,RRL,trajectories/paper_ready_bowling_handoff.pt,5
not-paper-ready-cfmmppi,CFM-MPPI,balanced,0.5,2,271902,COLLISION,,trajectories/paper_ready_bowling_handoff.pt,6
not-paper-ready-cfmmppi,CFM-MPPI,balanced,0.5,3,271939,SUCCESS,XLX,trajectories/paper_ready_bowling_handoff.pt,7
not-paper-ready-cfmmppi,CFM-MPPI,balanced,1.0,0,271828,COLLISION,,trajectories/paper_ready_bowling_handoff.pt,8
not-paper-ready-cfmmppi,CFM-MPPI,balanced,1.0,1,271865,SUCCESS,LRL,trajectories/paper_ready_bowling_handoff.pt,9
not-paper-ready-cfmmppi,CFM-MPPI,balanced,1.0,2,271902,SUCCESS,RLR,trajectories/paper_ready_bowling_handoff.pt,10
not-paper-ready-cfmmppi,CFM-MPPI,balanced,1.0,3,271939,SUCCESS,LRL,trajectories/paper_ready_bowling_handoff.pt,11
not-paper-ready-cfmmppi,CFM-MPPI,performance,0.3,0,271828,COLLISION,,trajectories/paper_ready_bowling_handoff.pt,12
not-paper-ready-cfmmppi,CFM-MPPI,performance,0.3,1,271865,COLLISION,,trajectories/paper_ready_bowling_handoff.pt,13
not-paper-ready-cfmmppi,CFM-MPPI,performance,0.3,2,271902,COLLISION,,trajectories/paper_ready_bowling_handoff.pt,14
not-paper-ready-cfmmppi,CFM-MPPI,performance,0.3,3,271939,COLLISION,,trajectories/paper_ready_bowling_handoff.pt,15
not-paper-ready-cfmmppi,CFM-MPPI,performance,0.3,4,271976,COLLISION,,trajectories/paper_ready_bowling_handoff.pt,16
not-paper-ready-cfmmppi,CFM-MPPI,performance,0.3,5,272013,COLLISION,,trajectories/paper_ready_bowling_handoff.pt,17
not-paper-ready-cfmmppi,CFM-MPPI,performance,0.3,6,272050,COLLISION,,trajectories/paper_ready_bowling_handoff.pt,18
not-paper-ready-cfmmppi,CFM-MPPI,performance,0.3,7,272087,COLLISION,,trajectories/paper_ready_bowling_handoff.pt,19
not-paper-ready-cfmmppi,CFM-MPPI,performance,0.5,0,271828,COLLISION,,trajectories/paper_ready_bowling_handoff.pt,20
not-paper-ready-cfmmppi,CFM-MPPI,performance,0.5,1,271865,COLLISION,,trajectories/paper_ready_bowling_handoff.pt,21
not-paper-ready-cfmmppi,CFM-MPPI,performance,0.5,2,271902,COLLISION,,trajectories/paper_ready_bowling_handoff.pt,22
not-paper-ready-cfmmppi,CFM-MPPI,performance,0.5,3,271939,COLLISION,,trajectories/paper_ready_bowling_handoff.pt,23
not-paper-ready-cfmmppi,CFM-MPPI,performance,0.5,4,271976,COLLISION,,trajectories/paper_ready_bowling_handoff.pt,24
not-paper-ready-cfmmppi,CFM-MPPI,performance,0.5,5,272013,COLLISION,,trajectories/paper_ready_bowling_handoff.pt,25
not-paper-ready-cfmmppi,CFM-MPPI,performance,0.5,6,272050,COLLISION,,trajectories/paper_ready_bowling_handoff.pt,26
not-paper-ready-cfmmppi,CFM-MPPI,performance,0.5,7,272087,COLLISION,,trajectories/paper_ready_bowling_handoff.pt,27
not-paper-ready-cfmmppi,CFM-MPPI,performance,1.0,0,271828,COLLISION,,trajectories/paper_ready_bowling_handoff.pt,28
not-paper-ready-cfmmppi,CFM-MPPI,performance,1.0,1,271865,COLLISION,,trajectories/paper_ready_bowling_handoff.pt,29
not-paper-ready-cfmmppi,CFM-MPPI,performance,1.0,2,271902,COLLISION,,trajectories/paper_ready_bowling_handoff.pt,30
not-paper-ready-cfmmppi,CFM-MPPI,performance,1.0,3,271939,COLLISION,,trajectories/paper_ready_bowling_handoff.pt,31
not-paper-ready-cfmmppi,CFM-MPPI,performance,1.0,4,271976,COLLISION,,trajectories/paper_ready_bowling_handoff.pt,32
not-paper-ready-cfmmppi,CFM-MPPI,performance,1.0,5,272013,COLLISION,,trajectories/paper_ready_bowling_handoff.pt,33
not-paper-ready-cfmmppi,CFM-MPPI,performance,1.0,6,272050,COLLISION,,trajectories/paper_ready_bowling_handoff.pt,34
not-paper-ready-cfmmppi,CFM-MPPI,performance,1.0,7,272087,COLLISION,,trajectories/paper_ready_bowling_handoff.pt,35
not-paper-ready-cfmmppi,CFM-MPPI,safety,0.3,0,271828,SUCCESS,LRX,trajectories/paper_ready_bowling_handoff.pt,36
not-paper-ready-cfmmppi,CFM-MPPI,safety,0.3,1,271865,COLLISION,,trajectories/paper_ready_bowling_handoff.pt,37
not-paper-ready-cfmmppi,CFM-MPPI,safety,0.3,2,271902,COLLISION,,trajectories/paper_ready_bowling_handoff.pt,38
not-paper-ready-cfmmppi,CFM-MPPI,safety,0.3,3,271939,SUCCESS,RLR,trajectories/paper_ready_bowling_handoff.pt,39
not-paper-ready-cfmmppi,CFM-MPPI,safety,0.5,0,271828,SUCCESS,LRR,trajectories/paper_ready_bowling_handoff.pt,40
not-paper-ready-cfmmppi,CFM-MPPI,safety,0.5,1,271865,SUCCESS,RLR,trajectories/paper_ready_bowling_handoff.pt,41
not-paper-ready-cfmmppi,CFM-MPPI,safety,0.5,2,271902,COLLISION,,trajectories/paper_ready_bowling_handoff.pt,42
not-paper-ready-cfmmppi,CFM-MPPI,safety,0.5,3,271939,SUCCESS,XLR,trajectories/paper_ready_bowling_handoff.pt,43
not-paper-ready-cfmmppi,CFM-MPPI,safety,1.0,0,271828,SUCCESS,LXR,trajectories/paper_ready_bowling_handoff.pt,44
not-paper-ready-cfmmppi,CFM-MPPI,safety,1.0,1,271865,SUCCESS,RRL,trajectories/paper_ready_bowling_handoff.pt,45
not-paper-ready-cfmmppi,CFM-MPPI,safety,1.0,2,271902,COLLISION,,trajectories/paper_ready_bowling_handoff.pt,46
not-paper-ready-cfmmppi,CFM-MPPI,safety,1.0,3,271939,SUCCESS,XLR,trajectories/paper_ready_bowling_handoff.pt,47
legacy-pre2,PRE2,,0.1,0,92000,SUCCESS,LLL,trajectories/legacy_pre2_s4_site_rows.json,0
legacy-pre2,PRE2,,0.1,1,92037,SUCCESS,LLL,trajectories/legacy_pre2_s4_site_rows.json,1
legacy-pre2,PRE2,,0.1,2,92074,SUCCESS,LLL,trajectories/legacy_pre2_s4_site_rows.json,2
legacy-pre2,PRE2,,0.1,6,92222,SUCCESS,LLL,trajectories/legacy_pre2_s4_site_rows.json,3
legacy-pre2,PRE2,,0.1,7,92259,SUCCESS,LLL,trajectories/legacy_pre2_s4_site_rows.json,4
legacy-pre2,PRE2,,0.1,12,92444,SUCCESS,LLL,trajectories/legacy_pre2_s4_site_rows.json,5
legacy-pre2,PRE2,,0.1,13,92481,SUCCESS,LLL,trajectories/legacy_pre2_s4_site_rows.json,6
legacy-pre2,PRE2,,0.1,14,92518,SUCCESS,LLL,trajectories/legacy_pre2_s4_site_rows.json,7
legacy-pre2,PRE2,,0.1,18,92666,SUCCESS,LLL,trajectories/legacy_pre2_s4_site_rows.json,8
legacy-pre2,PRE2,,0.1,19,92703,SUCCESS,LLL,trajectories/legacy_pre2_s4_site_rows.json,9
legacy-pre2,PRE2,,0.1,21,92777,SUCCESS,LLL,trajectories/legacy_pre2_s4_site_rows.json,10
legacy-pre2,PRE2,,0.1,24,92888,SUCCESS,LLL,trajectories/legacy_pre2_s4_site_rows.json,11
legacy-pre2,PRE2,,0.1,30,93110,SUCCESS,LLL,trajectories/legacy_pre2_s4_site_rows.json,12
legacy-pre2,PRE2,,0.1,33,93221,SUCCESS,LLL,trajectories/legacy_pre2_s4_site_rows.json,13
legacy-pre2,PRE2,,0.1,37,93369,SUCCESS,LLL,trajectories/legacy_pre2_s4_site_rows.json,14
legacy-pre2,PRE2,,0.1,39,93443,SUCCESS,LLL,trajectories/legacy_pre2_s4_site_rows.json,15
legacy-pre2,PRE2,,0.1,45,93665,SUCCESS,LLL,trajectories/legacy_pre2_s4_site_rows.json,16
legacy-pre2,PRE2,,0.1,46,93702,SUCCESS,LLL,trajectories/legacy_pre2_s4_site_rows.json,17
legacy-pre2,PRE2,,0.1,47,93739,SUCCESS,LLL,trajectories/legacy_pre2_s4_site_rows.json,18
legacy-pre2,PRE2,,0.3,1,92037,SUCCESS,LLL,trajectories/legacy_pre2_s4_site_rows.json,19
legacy-pre2,PRE2,,0.3,2,92074,SUCCESS,LLL,trajectories/legacy_pre2_s4_site_rows.json,20
legacy-pre2,PRE2,,0.3,6,92222,SUCCESS,RRL,trajectories/legacy_pre2_s4_site_rows.json,21
legacy-pre2,PRE2,,0.3,11,92407,SUCCESS,LLL,trajectories/legacy_pre2_s4_site_rows.json,22
legacy-pre2,PRE2,,0.3,25,92925,SUCCESS,LLL,trajectories/legacy_pre2_s4_site_rows.json,23
legacy-pre2,PRE2,,0.3,37,93369,SUCCESS,LLL,trajectories/legacy_pre2_s4_site_rows.json,24
legacy-pre2,PRE2,,0.3,38,93406,SUCCESS,LLL,trajectories/legacy_pre2_s4_site_rows.json,25
legacy-pre2,PRE2,,0.3,40,93480,SUCCESS,LLL,trajectories/legacy_pre2_s4_site_rows.json,26
legacy-pre2,PRE2,,0.3,41,93517,SUCCESS,LLL,trajectories/legacy_pre2_s4_site_rows.json,27
legacy-pre2,PRE2,,0.3,42,93554,SUCCESS,LLL,trajectories/legacy_pre2_s4_site_rows.json,28
legacy-pre2,PRE2,,0.3,47,93739,SUCCESS,LLL,trajectories/legacy_pre2_s4_site_rows.json,29
legacy-pre2,PRE2,,0.5,6,92222,SUCCESS,LLL,trajectories/legacy_pre2_s4_site_rows.json,30
legacy-pre2,PRE2,,0.5,8,92296,SUCCESS,LLL,trajectories/legacy_pre2_s4_site_rows.json,31
legacy-pre2,PRE2,,0.5,11,92407,SUCCESS,LLL,trajectories/legacy_pre2_s4_site_rows.json,32
legacy-pre2,PRE2,,0.5,19,92703,SUCCESS,LLL,trajectories/legacy_pre2_s4_site_rows.json,33
legacy-pre2,PRE2,,0.5,20,92740,SUCCESS,LLL,trajectories/legacy_pre2_s4_site_rows.json,34
legacy-pre2,PRE2,,0.5,21,92777,SUCCESS,LLL,trajectories/legacy_pre2_s4_site_rows.json,35
legacy-pre2,PRE2,,0.5,26,92962,SUCCESS,LLL,trajectories/legacy_pre2_s4_site_rows.json,36
legacy-pre2,PRE2,,0.5,29,93073,SUCCESS,LLL,trajectories/legacy_pre2_s4_site_rows.json,37
legacy-pre2,PRE2,,0.5,30,93110,SUCCESS,LLL,trajectories/legacy_pre2_s4_site_rows.json,38
legacy-pre2,PRE2,,0.5,39,93443,SUCCESS,LLL,trajectories/legacy_pre2_s4_site_rows.json,39
legacy-pre2,PRE2,,0.5,43,93591,SUCCESS,LLR,trajectories/legacy_pre2_s4_site_rows.json,40
legacy-pre2,PRE2,,0.5,46,93702,SUCCESS,LLL,trajectories/legacy_pre2_s4_site_rows.json,41
legacy-pre2,PRE2,,0.5,49,93813,SUCCESS,LLL,trajectories/legacy_pre2_s4_site_rows.json,42
legacy-pre2,PRE2,,1.0,1,92037,SUCCESS,LLL,trajectories/legacy_pre2_s4_site_rows.json,43
legacy-pre2,PRE2,,1.0,6,92222,SUCCESS,LLR,trajectories/legacy_pre2_s4_site_rows.json,44
legacy-pre2,PRE2,,1.0,18,92666,SUCCESS,LLL,trajectories/legacy_pre2_s4_site_rows.json,45
legacy-pre2,PRE2,,1.0,20,92740,SUCCESS,LLL,trajectories/legacy_pre2_s4_site_rows.json,46
legacy-pre2,PRE2,,1.0,22,92814,SUCCESS,LLR,trajectories/legacy_pre2_s4_site_rows.json,47
legacy-pre2,PRE2,,1.0,25,92925,SUCCESS,LLL,trajectories/legacy_pre2_s4_site_rows.json,48
legacy-pre2,PRE2,,1.0,31,93147,SUCCESS,LLL,trajectories/legacy_pre2_s4_site_rows.json,49
legacy-pre2,PRE2,,1.0,33,93221,SUCCESS,LLL,trajectories/legacy_pre2_s4_site_rows.json,50
legacy-pre2,PRE2,,1.0,36,93332,SUCCESS,LLL,trajectories/legacy_pre2_s4_site_rows.json,51
legacy-pre2,PRE2,,1.0,42,93554,SUCCESS,LLL,trajectories/legacy_pre2_s4_site_rows.json,52
legacy-pre2,PRE2,,1.0,47,93739,SUCCESS,LLR,trajectories/legacy_pre2_s4_site_rows.json,53
legacy-s4,S4,,0.1,1,92037,SUCCESS,LRL,trajectories/legacy_pre2_s4_site_rows.json,0
legacy-s4,S4,,0.1,3,92111,SUCCESS,RLR,trajectories/legacy_pre2_s4_site_rows.json,1
legacy-s4,S4,,0.1,4,92148,SUCCESS,RRL,trajectories/legacy_pre2_s4_site_rows.json,2
legacy-s4,S4,,0.1,5,92185,SUCCESS,RRL,trajectories/legacy_pre2_s4_site_rows.json,3
legacy-s4,S4,,0.1,7,92259,SUCCESS,,trajectories/legacy_pre2_s4_site_rows.json,4
legacy-s4,S4,,0.1,13,92481,SUCCESS,,trajectories/legacy_pre2_s4_site_rows.json,5
legacy-s4,S4,,0.1,15,92555,SUCCESS,RRR,trajectories/legacy_pre2_s4_site_rows.json,6
legacy-s4,S4,,0.1,16,92592,SUCCESS,RRL,trajectories/legacy_pre2_s4_site_rows.json,7
legacy-s4,S4,,0.1,18,92666,SUCCESS,LRL,trajectories/legacy_pre2_s4_site_rows.json,8
legacy-s4,S4,,0.1,20,92740,SUCCESS,RRR,trajectories/legacy_pre2_s4_site_rows.json,9
legacy-s4,S4,,0.1,24,92888,SUCCESS,LLR,trajectories/legacy_pre2_s4_site_rows.json,10
legacy-s4,S4,,0.1,25,92925,SUCCESS,,trajectories/legacy_pre2_s4_site_rows.json,11
legacy-s4,S4,,0.1,30,93110,SUCCESS,LLR,trajectories/legacy_pre2_s4_site_rows.json,12
legacy-s4,S4,,0.1,32,93184,SUCCESS,RRL,trajectories/legacy_pre2_s4_site_rows.json,13
legacy-s4,S4,,0.1,33,93221,SUCCESS,RLR,trajectories/legacy_pre2_s4_site_rows.json,14
legacy-s4,S4,,0.1,35,93295,SUCCESS,RRL,trajectories/legacy_pre2_s4_site_rows.json,15
legacy-s4,S4,,0.1,38,93406,SUCCESS,LLL,trajectories/legacy_pre2_s4_site_rows.json,16
legacy-s4,S4,,0.1,39,93443,SUCCESS,LLL,trajectories/legacy_pre2_s4_site_rows.json,17
legacy-s4,S4,,0.1,40,93480,SUCCESS,LLL,trajectories/legacy_pre2_s4_site_rows.json,18
legacy-s4,S4,,0.1,42,93554,SUCCESS,RRR,trajectories/legacy_pre2_s4_site_rows.json,19
legacy-s4,S4,,0.1,49,93813,SUCCESS,RRR,trajectories/legacy_pre2_s4_site_rows.json,20
legacy-s4,S4,,0.3,0,92000,SUCCESS,LLL,trajectories/legacy_pre2_s4_site_rows.json,21
legacy-s4,S4,,0.3,4,92148,SUCCESS,RRR,trajectories/legacy_pre2_s4_site_rows.json,22
legacy-s4,S4,,0.3,5,92185,SUCCESS,RRL,trajectories/legacy_pre2_s4_site_rows.json,23
legacy-s4,S4,,0.3,8,92296,SUCCESS,LRL,trajectories/legacy_pre2_s4_site_rows.json,24
legacy-s4,S4,,0.3,14,92518,SUCCESS,RRL,trajectories/legacy_pre2_s4_site_rows.json,25
legacy-s4,S4,,0.3,25,92925,SUCCESS,LLL,trajectories/legacy_pre2_s4_site_rows.json,26
legacy-s4,S4,,0.3,27,92999,SUCCESS,RLL,trajectories/legacy_pre2_s4_site_rows.json,27
legacy-s4,S4,,0.3,30,93110,SUCCESS,RLR,trajectories/legacy_pre2_s4_site_rows.json,28
legacy-s4,S4,,0.3,31,93147,SUCCESS,RRR,trajectories/legacy_pre2_s4_site_rows.json,29
legacy-s4,S4,,0.3,32,93184,SUCCESS,LLL,trajectories/legacy_pre2_s4_site_rows.json,30
legacy-s4,S4,,0.3,38,93406,SUCCESS,LLR,trajectories/legacy_pre2_s4_site_rows.json,31
legacy-s4,S4,,0.3,39,93443,SUCCESS,RRL,trajectories/legacy_pre2_s4_site_rows.json,32
legacy-s4,S4,,0.3,44,93628,SUCCESS,RRL,trajectories/legacy_pre2_s4_site_rows.json,33
legacy-s4,S4,,0.3,47,93739,SUCCESS,LLL,trajectories/legacy_pre2_s4_site_rows.json,34
legacy-s4,S4,,0.3,49,93813,SUCCESS,LLL,trajectories/legacy_pre2_s4_site_rows.json,35
legacy-s4,S4,,0.5,1,92037,SUCCESS,RLR,trajectories/legacy_pre2_s4_site_rows.json,36
legacy-s4,S4,,0.5,3,92111,SUCCESS,RRL,trajectories/legacy_pre2_s4_site_rows.json,37
legacy-s4,S4,,0.5,4,92148,SUCCESS,RRR,trajectories/legacy_pre2_s4_site_rows.json,38
legacy-s4,S4,,0.5,8,92296,SUCCESS,LLL,trajectories/legacy_pre2_s4_site_rows.json,39
legacy-s4,S4,,0.5,11,92407,SUCCESS,,trajectories/legacy_pre2_s4_site_rows.json,40
legacy-s4,S4,,0.5,12,92444,SUCCESS,RRL,trajectories/legacy_pre2_s4_site_rows.json,41
legacy-s4,S4,,0.5,13,92481,SUCCESS,RRL,trajectories/legacy_pre2_s4_site_rows.json,42
legacy-s4,S4,,0.5,15,92555,SUCCESS,RRL,trajectories/legacy_pre2_s4_site_rows.json,43
legacy-s4,S4,,0.5,16,92592,SUCCESS,,trajectories/legacy_pre2_s4_site_rows.json,44
legacy-s4,S4,,0.5,18,92666,SUCCESS,LLL,trajectories/legacy_pre2_s4_site_rows.json,45
legacy-s4,S4,,0.5,19,92703,SUCCESS,LLR,trajectories/legacy_pre2_s4_site_rows.json,46
legacy-s4,S4,,0.5,20,92740,SUCCESS,RRR,trajectories/legacy_pre2_s4_site_rows.json,47
legacy-s4,S4,,0.5,21,92777,SUCCESS,RRL,trajectories/legacy_pre2_s4_site_rows.json,48
legacy-s4,S4,,0.5,22,92814,SUCCESS,RRR,trajectories/legacy_pre2_s4_site_rows.json,49
legacy-s4,S4,,0.5,26,92962,SUCCESS,LRR,trajectories/legacy_pre2_s4_site_rows.json,50
legacy-s4,S4,,0.5,31,93147,SUCCESS,RRR,trajectories/legacy_pre2_s4_site_rows.json,51
legacy-s4,S4,,0.5,32,93184,SUCCESS,RLR,trajectories/legacy_pre2_s4_site_rows.json,52
legacy-s4,S4,,0.5,34,93258,SUCCESS,RRL,trajectories/legacy_pre2_s4_site_rows.json,53
legacy-s4,S4,,0.5,36,93332,SUCCESS,RRL,trajectories/legacy_pre2_s4_site_rows.json,54
legacy-s4,S4,,0.5,37,93369,SUCCESS,RRL,trajectories/legacy_pre2_s4_site_rows.json,55
legacy-s4,S4,,0.5,39,93443,SUCCESS,,trajectories/legacy_pre2_s4_site_rows.json,56
legacy-s4,S4,,0.5,43,93591,SUCCESS,LRR,trajectories/legacy_pre2_s4_site_rows.json,57
legacy-s4,S4,,0.5,48,93776,SUCCESS,RLR,trajectories/legacy_pre2_s4_site_rows.json,58
legacy-s4,S4,,0.5,49,93813,SUCCESS,LLL,trajectories/legacy_pre2_s4_site_rows.json,59
legacy-s4,S4,,1.0,0,92000,SUCCESS,LLR,trajectories/legacy_pre2_s4_site_rows.json,60
legacy-s4,S4,,1.0,3,92111,SUCCESS,RRL,trajectories/legacy_pre2_s4_site_rows.json,61
legacy-s4,S4,,1.0,5,92185,SUCCESS,RRL,trajectories/legacy_pre2_s4_site_rows.json,62
legacy-s4,S4,,1.0,7,92259,SUCCESS,RRL,trajectories/legacy_pre2_s4_site_rows.json,63
legacy-s4,S4,,1.0,16,92592,SUCCESS,LLL,trajectories/legacy_pre2_s4_site_rows.json,64
legacy-s4,S4,,1.0,21,92777,SUCCESS,LLL,trajectories/legacy_pre2_s4_site_rows.json,65
legacy-s4,S4,,1.0,23,92851,SUCCESS,RRL,trajectories/legacy_pre2_s4_site_rows.json,66
legacy-s4,S4,,1.0,25,92925,SUCCESS,LLR,trajectories/legacy_pre2_s4_site_rows.json,67
legacy-s4,S4,,1.0,32,93184,SUCCESS,RLR,trajectories/legacy_pre2_s4_site_rows.json,68
legacy-s4,S4,,1.0,33,93221,SUCCESS,LRL,trajectories/legacy_pre2_s4_site_rows.json,69
legacy-s4,S4,,1.0,37,93369,SUCCESS,LLR,trajectories/legacy_pre2_s4_site_rows.json,70
legacy-s4,S4,,1.0,44,93628,SUCCESS,RRL,trajectories/legacy_pre2_s4_site_rows.json,71
legacy-s4,S4,,1.0,45,93665,SUCCESS,,trajectories/legacy_pre2_s4_site_rows.json,72
legacy-s4,S4,,1.0,46,93702,SUCCESS,RRL,trajectories/legacy_pre2_s4_site_rows.json,73
legacy-s4-distinct,S4,,0.3,8,92296,SUCCESS,LRL,trajectories/legacy_pre2_s4_site_rows.json,0
legacy-s4-distinct,S4,,0.3,27,92999,SUCCESS,RLL,trajectories/legacy_pre2_s4_site_rows.json,1
legacy-s4-distinct,S4,,0.5,13,92481,SUCCESS,RRL,trajectories/legacy_pre2_s4_site_rows.json,2
legacy-s4-distinct,S4,,0.5,22,92814,SUCCESS,RRR,trajectories/legacy_pre2_s4_site_rows.json,3
legacy-s4-distinct,S4,,0.5,43,93591,SUCCESS,LRR,trajectories/legacy_pre2_s4_site_rows.json,4
legacy-s4-distinct,S4,,0.5,48,93776,SUCCESS,RLR,trajectories/legacy_pre2_s4_site_rows.json,5
legacy-s4-distinct,S4,,1.0,16,92592,SUCCESS,LLL,trajectories/legacy_pre2_s4_site_rows.json,6
legacy-s4-distinct,S4,,1.0,37,93369,SUCCESS,LLR,trajectories/legacy_pre2_s4_site_rows.json,7
